VSG,pct,day,parasites,mouse,time,original_seq_length,nterm_seq_length,HMM_profile,nterm_typesubtype,nterm_type
c914_g1_i1_d12_1542,98.13526043,6,1962705.209,m1,early,514,390,VSG-N-TypeA,A2,A
c914_g1_i1_d12_1542,0.022013349,12,440.2669896,m1,early,514,390,VSG-N-TypeA,A2,A
c914_g1_i1_d12_1542,0.029726544,14,5350.777845,m1,early,514,390,VSG-N-TypeA,A2,A
c914_g1_i1_d12_1542,0.032397536,18,32.39753612,m1,early,514,390,VSG-N-TypeA,A2,A
c3790_g1_i1_d26_1497,1.037476506,6,20749.53012,m1,early,499,377,VSG-N-TypeB,B2,B
c3790_g1_i1_d26_1497,0.309811699,21,12392.46797,m1,early,499,377,VSG-N-TypeB,B2,B
c3790_g1_i1_d26_1497,0.014905821,26,14.90582076,m1,early,499,377,VSG-N-TypeB,B2,B
c2565_g2_i1_d12_1602,0.306319078,6,6126.381555,m1,early,534,449,VSG-N-TypeB,B2,B
c2565_g2_i1_d12_1602,0.938417168,12,18768.34337,m1,early,534,449,VSG-N-TypeB,B2,B
c4432_g1_i2_d21_978,0.089265125,6,1785.302492,m1,early,326,246,VSG-N-TypeB,B2,B
c4432_g1_i2_d21_978,0.121122084,14,21801.97513,m1,early,326,246,VSG-N-TypeB,B2,B
c4432_g1_i2_d21_978,0.07015354,18,70.15353984,m1,early,326,246,VSG-N-TypeB,B2,B
c4432_g1_i2_d21_978,0.174739468,26,174.7394676,m1,early,326,246,VSG-N-TypeB,B2,B
c6715_g1_i1_d6-7_1473,0.079398795,6,1587.975905,m1,early,491,393,VSG-N-TypeB,B2,B
c6715_g1_i1_d6-7_1473,1.230853856,12,24617.07713,m1,early,491,393,VSG-N-TypeB,B2,B
c6715_g1_i1_d6-7_1473,0.048922455,18,48.92245466,m1,early,491,393,VSG-N-TypeB,B2,B
c3778_g2_i1_d18_1392,0.065923198,6,1318.46396,m1,early,464,368,VSG-N-TypeB,B2,B
c3778_g2_i1_d18_1392,0.479967198,12,9599.343954,m1,early,464,368,VSG-N-TypeB,B2,B
c3778_g2_i1_d18_1392,0.018731014,14,3371.582599,m1,early,464,368,VSG-N-TypeB,B2,B
c3778_g2_i1_d18_1392,0.054691718,18,54.69171804,m1,early,464,368,VSG-N-TypeB,B2,B
c4563_g1_i1_d14_1408,0.051679809,6,1033.59618,m1,early,469,392,VSG-N-TypeA,A2,A
c4563_g1_i1_d14_1408,0.197325773,12,3946.515454,m1,early,469,392,VSG-N-TypeA,A2,A
c4563_g1_i1_d14_1408,1.814599885,14,326627.9793,m1,early,469,392,VSG-N-TypeA,A2,A
c4563_g1_i1_d14_1408,0.025006593,18,25.00659285,m1,early,469,392,VSG-N-TypeA,A2,A
c4563_g1_i1_d14_1408,0.02958236,21,1183.294392,m1,early,469,392,VSG-N-TypeA,A2,A
c4563_g1_i1_d14_1408,0.031501964,26,31.50196435,m1,early,469,392,VSG-N-TypeA,A2,A
c3778_g1_i1_d18_1467,0.044025488,6,880.5097641,m1,early,489,364,VSG-N-TypeB,B2,B
c3778_g1_i1_d18_1467,17.42280951,12,348456.1903,m1,early,489,364,VSG-N-TypeB,B2,B
c3778_g1_i1_d18_1467,0.024037134,14,4326.684189,m1,early,489,364,VSG-N-TypeB,B2,B
c1469_g1_i1_d21_976,0.035107158,6,702.1431646,m1,early,325,265,VSG-N-TypeB,B2,B
c1469_g1_i1_d21_976,0.050096973,14,9017.455108,m1,early,325,265,VSG-N-TypeB,B2,B
c1469_g1_i1_d21_976,0.015013798,18,15.01379761,m1,early,325,265,VSG-N-TypeB,B2,B
c1469_g1_i1_d21_976,0.039429088,26,39.42908796,m1,early,325,265,VSG-N-TypeB,B2,B
c3778_g3_i1_d18_1581,0.026555,6,531.1000017,m1,early,527,401,VSG-N-TypeA,A2,A
c3778_g3_i1_d18_1581,1.321592045,12,26431.8409,m1,early,527,401,VSG-N-TypeA,A2,A
c3778_g3_i1_d18_1581,28.61973089,14,5151551.561,m1,early,527,401,VSG-N-TypeA,A2,A
c4209_g2_i1_d6-7_1392,0.02452671,6,490.5341998,m1,early,464,371,VSG-N-TypeB,B2,B
c4209_g2_i1_d6-7_1392,48.2438325,12,964876.65,m1,early,464,371,VSG-N-TypeB,B2,B
c4209_g2_i1_d6-7_1392,0.107911066,14,19423.99195,m1,early,464,371,VSG-N-TypeB,B2,B
c4209_g2_i1_d6-7_1392,0.11770896,18,117.7089603,m1,early,464,371,VSG-N-TypeB,B2,B
c1376_g1_i1_d14_1321,0.018053905,6,361.0781023,m1,early,440,336,VSG-N-TypeA,A2,A
c1376_g1_i1_d14_1321,0.010604381,12,212.0876147,m1,early,440,336,VSG-N-TypeA,A2,A
c1376_g1_i1_d14_1321,0.013797606,18,13.79760642,m1,early,440,336,VSG-N-TypeA,A2,A
c1376_g1_i1_d14_1321,0.013493252,21,539.7300748,m1,early,440,336,VSG-N-TypeA,A2,A
c1376_g1_i1_d14_1321,0.024226861,26,24.22686063,m1,early,440,336,VSG-N-TypeA,A2,A
c4483_g5_i1_d21_943,0.016782871,6,335.6574193,m1,early,314,278,VSG-N-TypeB,B2,B
c4483_g5_i1_d21_943,0.014405496,14,2592.989365,m1,early,314,278,VSG-N-TypeB,B2,B
c4483_g5_i1_d21_943,0.069383309,26,69.38330881,m1,early,314,278,VSG-N-TypeB,B2,B
c2595_g1_i2_d12_1449,0.014134796,6,282.6959116,m1,early,483,400,VSG-N-TypeA,A3,A
c2595_g1_i2_d12_1449,27.80606436,18,27806.06436,m1,early,483,400,VSG-N-TypeA,A3,A
c3801_g2_i4_d18_1029,0.011205204,6,224.1040847,m1,early,343,264,VSG-N-TypeB,B2,B
c3801_g2_i4_d18_1029,0.032697855,18,32.69785457,m1,early,343,264,VSG-N-TypeB,B2,B
c3801_g2_i4_d18_1029,0.018532015,21,741.2805956,m1,early,343,264,VSG-N-TypeB,B2,B
c3801_g2_i4_d18_1029,0.035323482,26,35.32348243,m1,early,343,264,VSG-N-TypeB,B2,B
c3733_g1_i1_d30_948,0.010738633,18,10.73863345,m1,early,316,266,VSG-N-TypeB,B2,B
c2524_g1_i1_d6-7_1452,0.011274132,18,11.27413198,m1,early,484,386,VSG-N-TypeA,A2,A
c2524_g1_i1_d6-7_1452,0.013632746,21,545.3098412,m1,early,484,386,VSG-N-TypeA,A2,A
c4596_g3_i2_d14_1497,0.912989322,18,912.9893225,m1,early,499,483,VSG-N-TypeA,A2,A
c4596_g3_i2_d14_1497,48.38660304,21,1935464.122,m1,early,499,483,VSG-N-TypeA,A2,A
c4596_g3_i2_d14_1497,99.78105749,24,14967158.62,m1,early,499,483,VSG-N-TypeA,A2,A
c4596_g3_i2_d14_1497,2.451584735,26,2451.584735,m1,early,499,483,VSG-N-TypeA,A2,A
c4596_g3_i2_d14_1497,0.012260103,30,2697.222722,m1,early,499,483,VSG-N-TypeA,A2,A
c4596_g2_i1_d14_1422,3.39391094,12,67878.21881,m1,early,474,384,VSG-N-TypeB,B2,B
c3774_g1_i1_d26_1398,3.02398726,26,3023.98726,m1,early,466,385,VSG-N-TypeA,A2,A
c5532_g2_i2_d24_1007,0.015403288,26,15.40328779,m1,early,335,266,VSG-N-TypeB,B2,B
c3761_g2_i1_d26_1392,4.749632431,18,4749.632431,m1,early,464,346,VSG-N-TypeA,A2,A
c3761_g2_i1_d26_1392,0.018859428,21,754.3771167,m1,early,464,346,VSG-N-TypeA,A2,A
c3761_g2_i1_d26_1392,0.038669078,26,38.66907794,m1,early,464,346,VSG-N-TypeA,A2,A
c3738_g2_i1_d18_1404,0.05060894,18,50.60894018,m1,early,468,373,VSG-N-TypeA,A2,A
c3738_g2_i1_d18_1404,7.869727588,21,314789.1035,m1,early,468,373,VSG-N-TypeA,A2,A
c5310_g1_i1_d24_1462,0.974042711,26,974.0427112,m1,early,487,414,VSG-N-TypeA,A1,A
c6551_g1_i1_d21_1482,0.091661654,21,3666.466149,m1,early,494,404,VSG-N-TypeA,A2,A
c6551_g1_i1_d21_1482,0.084820089,26,84.82008884,m1,early,494,404,VSG-N-TypeA,A2,A
c1999_g1_i1_d18_1302,21.65443095,12,433088.619,m1,early,434,317,VSG-N-TypeA,A2,A
c1999_g1_i1_d18_1302,13.61828465,14,2451291.236,m1,early,434,317,VSG-N-TypeA,A2,A
c4621_g1_i1_d14_1551,3.069587631,12,61391.75261,m1,early,517,386,VSG-N-TypeB,B1,B
c470_g1_i1_d12_1461,0.885434102,12,17708.68203,m1,early,487,401,VSG-N-TypeB,B1,B
c470_g1_i1_d12_1461,30.33979577,14,5461163.238,m1,early,487,401,VSG-N-TypeB,B1,B
c470_g1_i1_d12_1461,0.033558221,21,1342.328823,m1,early,487,401,VSG-N-TypeB,B1,B
c3963_g1_i1_d30_1512,0.360969473,12,7219.3894550000005,m1,early,504,400,VSG-N-TypeB,B1,B
c3963_g1_i1_d30_1512,0.040135166,14,7224.329852,m1,early,504,400,VSG-N-TypeB,B1,B
c3963_g1_i1_d30_1512,0.023409993,18,23.40999258,m1,early,504,400,VSG-N-TypeB,B1,B
c3963_g1_i1_d30_1512,0.013966027,21,558.6410792,m1,early,504,400,VSG-N-TypeB,B1,B
c2673_g1_i1_d14_1439,0.272112862,12,5442.257247,m1,early,479,383,VSG-N-TypeB,B1,B
c2673_g1_i1_d14_1439,24.73206518,14,4451771.733,m1,early,479,383,VSG-N-TypeB,B1,B
c3604_g1_i3_d18_1482,0.204555702,12,4091.114035,m1,early,494,330,VSG-N-TypeA,A2,A
c3604_g1_i3_d18_1482,0.076038734,14,13686.97207,m1,early,494,330,VSG-N-TypeA,A2,A
c3444_g1_i1_d18_1419,0.143444941,12,2868.898826,m1,early,473,393,VSG-N-TypeA,A2,A
c3444_g1_i1_d18_1419,0.181123081,14,32602.15463,m1,early,473,393,VSG-N-TypeA,A2,A
c3444_g1_i1_d18_1419,0.011004676,18,11.00467625,m1,early,473,393,VSG-N-TypeA,A2,A
c3444_g1_i1_d18_1419,0.028194463,21,1127.778535,m1,early,473,393,VSG-N-TypeA,A2,A
c3790_g6_i2_d26_1512,0.062012391,12,1240.24782,m1,early,504,332,VSG-N-TypeA,A2,A
c3790_g6_i2_d26_1512,0.024280471,14,4370.484733,m1,early,504,332,VSG-N-TypeA,A2,A
c329_g1_i1_d12_1533,0.015931648,14,2867.69657,m1,early,511,392,VSG-N-TypeA,A2,A
c473_g1_i1_d12_1605,0.043063563,26,43.06356316,m1,early,535,451,VSG-N-TypeB,B2,B
c4361_g1_i1_d21_1458,0.031204306,14,5616.775115,m1,early,486,361,VSG-N-TypeA,A2,A
c4361_g1_i1_d21_1458,0.059531896,18,59.53189561,m1,early,486,361,VSG-N-TypeA,A2,A
c4361_g1_i1_d21_1458,0.013551579,21,542.0631735,m1,early,486,361,VSG-N-TypeA,A2,A
c4361_g1_i1_d21_1458,0.077323486,26,77.32348648,m1,early,486,361,VSG-N-TypeA,A2,A
c4596_g4_i1_d14_1383,0.033037406,14,5946.733132,m1,early,461,385,VSG-N-TypeA,A3,A
c2548_g1_i1_d12_1494,0.067139257,26,67.139257,m1,early,498,419,VSG-N-TypeA,A1,A
c2548_g1_i1_d12_1494,0.043067853,30,9474.927672,m1,early,498,419,VSG-N-TypeA,A1,A
c580_g1_i1_d12_1454,0.011877183,14,2137.892972,m1,early,484,382,VSG-N-TypeA,A2,A
c4596_g1_i1_d14_1519,0.020301797,26,20.30179706,m1,early,506,395,VSG-N-TypeA,A2,A
c665_g1_i1_d26_1453,0.045233038,26,45.23303843,m1,early,484,382,VSG-N-TypeB,B1,B
c3840_g1_i1_d18_1485,0.032818588,18,32.81858789,m1,early,495,394,VSG-N-TypeA,A2,A
c3840_g1_i1_d18_1485,0.051547594,21,2061.903762,m1,early,495,394,VSG-N-TypeA,A2,A
c3981_g4_i1_d30_1542,0.014699391,21,587.9756342,m1,early,514,394,VSG-N-TypeB,B1,B
c4501_g1_i1_d14_1470,0.01227396,18,12.27395987,m1,early,490,394,VSG-N-TypeA,A2,A
c4501_g1_i1_d14_1470,0.020209323,21,808.3729039,m1,early,490,394,VSG-N-TypeA,A2,A
c3778_g4_i1_d18_1377,0.896124608,18,896.1246083,m1,early,459,366,VSG-N-TypeA,A2,A
c3778_g4_i1_d18_1377,1.311988826,21,52479.55305,m1,early,459,366,VSG-N-TypeA,A2,A
c3778_g4_i1_d18_1377,0.013186994,30,2901.138613,m1,early,459,366,VSG-N-TypeA,A2,A
c3724_g1_i3_d26_1371,0.503412322,21,20136.49288,m1,early,457,385,VSG-N-TypeA,A3,A
c3724_g1_i3_d26_1371,0.049161998,26,49.16199849,m1,early,457,385,VSG-N-TypeA,A3,A
c4517_g2_i1_d21_1467,0.010964741,14,1973.653388,m1,early,489,129,VSG-N-TypeA,A2,A
c4517_g2_i1_d21_1467,61.75241864,18,61752.41864,m1,early,489,129,VSG-N-TypeA,A2,A
c4517_g2_i1_d21_1467,0.099851642,21,3994.065694,m1,early,489,129,VSG-N-TypeA,A2,A
c4517_g2_i1_d21_1467,0.011590505,26,11.59050469,m1,early,489,129,VSG-N-TypeA,A2,A
c4517_g2_i1_d21_1467,0.013681054,30,3009.831981,m1,early,489,129,VSG-N-TypeA,A2,A
c3761_g8_i1_d26_1470,0.043173634,26,43.17363412,m1,early,490,388,VSG-N-TypeA,A2,A
c2851_g1_i2_d26_1412,0.033231111,26,33.23111053,m1,early,470,383,VSG-N-TypeB,B1,B
c1696_g1_i1_d12_1582,0.015951845,26,15.95184545,m1,early,527,397,VSG-N-TypeB,B2,B
c3205_g1_i1_d26_1422,0.237833382,18,237.8333824,m1,early,474,380,VSG-N-TypeB,B1,B
c3205_g1_i1_d26_1422,0.757946902,21,30317.8761,m1,early,474,380,VSG-N-TypeB,B1,B
c3805_g1_i1_d30_1476,0.366324076,26,366.3240763,m1,early,492,395,VSG-N-TypeB,B1,B
c3805_g1_i1_d30_1476,8.85130129,30,1947286.284,m1,early,492,395,VSG-N-TypeB,B1,B
c4454_g1_i1_d21_1473,0.08270443,26,82.70442995,m1,early,491,414,VSG-N-TypeA,A1,A
c1613_g1_i1_d21_1455,0.208054532,18,208.0545318,m1,early,485,399,VSG-N-TypeB,B2,B
c5515_g4_i2_d24_1154,0.189477178,18,189.4771777,m1,early,384,313,VSG-N-DomainBoundary,A2,A
c5515_g4_i2_d24_1154,4.505151173,26,4505.151173,m1,early,384,313,VSG-N-DomainBoundary,A2,A
c2414_g1_i3_d18_1404,1.53937912,18,1539.37912,m1,early,468,391,VSG-N-TypeA,A3,A
c3608_g1_i1_d18_1354,0.039065154,18,39.06515398,m1,early,451,380,VSG-N-TypeA,A3,A
c4459_g2_i1_d21_1469,0.74926518,26,749.2651798,m1,early,489,396,VSG-N-TypeB,B1,B
c4462_g1_i1_d21_1427,0.164112209,18,164.1122087,m1,early,475,381,VSG-N-TypeA,A2,A
c3607_g1_i1_d18_1435,1.218160204,21,48726.40814,m1,early,478,369,VSG-N-TypeB,B2,B
c4435_g2_i2_d21_1692,0.018335254,21,733.4101752,m1,early,564,444,VSG-N-TypeB,B2,B
c3836_g2_i1_d18_1600,0.032480044,18,32.48004414,m1,early,533,398,VSG-N-TypeA,A2,A
c3836_g2_i1_d18_1600,2.78441616,21,111376.6464,m1,early,533,398,VSG-N-TypeA,A2,A
c3836_g2_i1_d18_1600,0.011560928,26,11.56092829,m1,early,533,398,VSG-N-TypeA,A2,A
c3107_g1_i1_d24_1470,0.403909245,18,403.9092446,m1,early,490,414,VSG-N-TypeA,A1,A
c3107_g1_i1_d24_1470,1.472654336,21,58906.17344,m1,early,490,414,VSG-N-TypeA,A1,A
c452_g1_i1_d21_1533,0.227874473,18,227.8744734,m1,early,511,391,VSG-N-TypeA,A2,A
c452_g1_i1_d21_1533,29.14224225,21,1165689.69,m1,early,511,391,VSG-N-TypeA,A2,A
c2383_g1_i1_d21_1317,0.058878412,18,58.87841162,m1,early,439,333,VSG-N-TypeA,A2,A
c2383_g1_i1_d21_1317,5.173029844,21,206921.1938,m1,early,439,333,VSG-N-TypeA,A2,A
c2383_g1_i1_d21_1317,0.059928193,24,8989.228906,m1,early,439,333,VSG-N-TypeA,A2,A
c3761_g7_i1_d26_1485,0.020782143,18,20.78214299,m1,early,495,420,VSG-N-TypeA,A1,A
c3761_g7_i1_d26_1485,0.08616552,26,86.16551994,m1,early,495,420,VSG-N-TypeA,A1,A
c3865_g1_i3_d18_1395,0.013169609,18,13.1696092,m1,early,465,387,VSG-N-TypeA,A3,A
c3865_g1_i3_d18_1395,0.0120897,21,483.5880046,m1,early,465,387,VSG-N-TypeA,A3,A
c3865_g1_i3_d18_1395,5.603836254,26,5603.836254,m1,early,465,387,VSG-N-TypeA,A3,A
c4435_g5_i1_d21_1570,0.112507976,21,4500.319043,m1,early,523,397,VSG-N-TypeB,B2,B
c4029_g1_i1_d30_1423,0.022919383,21,916.7753172,m1,early,474,416,VSG-N-TypeA,A1,A
c4029_g1_i1_d30_1423,0.027401709,26,27.40170868,m1,early,474,416,VSG-N-TypeA,A1,A
c3578_g2_i2_d26_1569,0.012254561,21,490.1824349,m1,early,523,407,VSG-N-TypeB,B2,B
c3578_g2_i2_d26_1569,0.134820029,30,29660.40637,m1,early,523,407,VSG-N-TypeB,B2,B
c3761_g4_i1_d26_1491,0.033440828,26,33.44082779,m1,early,497,403,VSG-N-TypeB,B2,B
c4506_g1_i1_d14_1420,0.01334142,21,533.6568065,m1,early,473,369,VSG-N-TypeB,B2,B
c3790_g3_i1_d26_1542,0.135066322,21,5402.65288,m1,early,514,394,VSG-N-TypeB,B1,B
c3790_g3_i1_d26_1542,0.080081325,24,12012.19874,m1,early,514,394,VSG-N-TypeB,B1,B
c3790_g3_i1_d26_1542,0.119456452,26,119.4564523,m1,early,514,394,VSG-N-TypeB,B1,B
c5527_g3_i1_d24_1446,0.105290615,26,105.2906154,m1,early,482,411,VSG-N-TypeA,A1,A
c5527_g3_i1_d24_1446,0.130656523,30,28744.434980000002,m1,early,482,411,VSG-N-TypeA,A1,A
c4435_g4_i1_d21_1472,0.028489201,21,1139.568051,m1,early,490,416,VSG-N-TypeA,A1,A
c4005_g1_i1_d30_1471,0.074699156,26,74.69915559,m1,early,490,411,VSG-N-TypeB,B2,B
c4005_g1_i1_d30_1471,4.24891297,30,934760.8534,m1,early,490,411,VSG-N-TypeB,B2,B
c4500_g3_i2_d21_1017,0.025465686,30,5602.450815,m1,early,339,339,VSG-N-TypeB,B2,B
c1439_g1_i1_d21_1328,0.042577246,26,42.57724644,m1,early,442,390,VSG-N-TypeA,A2,A
c1439_g1_i1_d21_1328,0.016292348,30,3584.316595,m1,early,442,390,VSG-N-TypeA,A2,A
c4081_g1_i2_d21_1344,0.200924341,26,200.9243408,m1,early,448,396,VSG-N-TypeB,B2,B
c4081_g1_i2_d21_1344,3.456045515,30,760330.0134,m1,early,448,396,VSG-N-TypeB,B2,B
c3765_g1_i1_d26_1695,1.325289074,26,1325.289074,m1,early,565,445,VSG-N-TypeB,B2,B
c3484_g1_i1_d30_1461,0.175155265,26,175.15526500000001,m1,early,487,407,VSG-N-DomainBoundary,A3,A
c3773_g1_i1_d26_1456,1.808839381,26,1808.839381,m1,early,485,399,VSG-N-TypeA,A2,A
c3798_g2_i4_d26_1465,0.017601672,21,704.0668979,m1,early,488,414,VSG-N-TypeA,A1,A
c3798_g2_i4_d26_1465,2.642186058,26,2642.186058,m1,early,488,414,VSG-N-TypeA,A1,A
c3584_g3_i1_d26_1470,0.016794536,21,671.7814498,m1,early,490,389,VSG-N-TypeA,A3,A
c3584_g3_i1_d26_1470,1.384844853,26,1384.844853,m1,early,490,389,VSG-N-TypeA,A3,A
c5544_g1_i1_d21_1332,0.014073839,21,562.9535451,m1,early,444,340,VSG-N-TypeA,A2,A
c4386_g4_i1_d21_1602,0.012322247,24,1848.337041,m1,early,534,438,VSG-N-TypeA,A2,A
c4386_g4_i1_d21_1602,0.152869917,26,152.8699171,m1,early,534,438,VSG-N-TypeA,A2,A
c4386_g1_i1_d21_1473,0.022320148,24,3348.022127,m1,early,491,391,VSG-N-TypeA,A2,A
c4386_g1_i1_d21_1473,12.7900975,26,12790.0975,m1,early,491,391,VSG-N-TypeA,A2,A
c3764_g1_i1_d26_1479,0.377323249,26,377.3232495,m1,early,493,390,VSG-N-TypeA,A2,A
c3687_g1_i2_d21_1455,3.783850089,26,3783.850089,m1,early,485,397,VSG-N-TypeA,A2,A
c2921_g1_i1_d26_1419,0.076486509,26,76.48650857,m1,early,473,398,VSG-N-TypeA,A2,A
c3584_g2_i2_d26_1623,1.285322695,26,1285.322695,m1,early,541,417,VSG-N-TypeA,A2,A
c4500_g2_i2_d21_1395,0.131729217,26,131.7292171,m1,early,465,371,VSG-N-TypeB,B2,B
c4500_g2_i2_d21_1395,0.108093633,30,23780.59919,m1,early,465,371,VSG-N-TypeB,B2,B
c1760_g1_i1_d21_1445,0.01605206,26,16.05206027,m1,early,481,403,VSG-N-TypeA,A2,A
c3208_g1_i1_d30_1419,1.377702475,26,1377.702475,m1,early,473,385,VSG-N-TypeA,A2,A
c3770_g2_i1_d26_1545,0.016291268,24,2443.690195,m1,early,515,395,VSG-N-TypeA,A2,A
c3770_g2_i1_d26_1545,25.94084917,26,25940.84917,m1,early,515,395,VSG-N-TypeA,A2,A
c3777_g1_i1_d26_1242,4.229710625,26,4229.710625,m1,early,414,357,VSG-N-TypeA,A2,A
c1941_g1_i1_d18_1473,0.034662986,26,34.66298615,m1,early,491,398,VSG-N-TypeA,A2,A
c1941_g1_i1_d18_1473,1.215665922,30,267446.5029,m1,early,491,398,VSG-N-TypeA,A2,A
c5527_g5_i1_d24_1461,0.215095684,26,215.0956844,m1,early,487,417,VSG-N-TypeA,A1,A
c5527_g5_i1_d24_1461,0.011719548,30,2578.300624,m1,early,487,417,VSG-N-TypeA,A1,A
c4996_g1_i1_d12_1476,0.010563433,26,10.56343317,m1,early,492,396,VSG-N-TypeB,B1,B
c4054_g1_i1_d24_1482,4.341103452,26,4341.103452,m1,early,494,405,VSG-N-TypeA,A2,A
c3943_g1_i1_d30_1485,1.546913164,26,1546.913164,m1,early,495,405,VSG-N-TypeA,A2,A
c3717_g1_i1_d26_1494,0.240860272,26,240.8602719,m1,early,498,418,VSG-N-TypeA,A1,A
c3717_g1_i1_d26_1494,0.224580984,30,49407.81647,m1,early,498,418,VSG-N-TypeA,A1,A
c3877_g3_i1_d30_1167,0.034829419,26,34.82941903,m1,early,389,296,VSG-N-TypeA,A2,A
c3788_g4_i1_d26_1461,0.043275521,26,43.27552055,m1,early,487,398,VSG-N-TypeB,B1,B
c3788_g4_i1_d26_1461,0.440675316,30,96948.56958,m1,early,487,398,VSG-N-TypeB,B1,B
c3788_g3_i2_d26_1470,0.489153444,26,489.1534439,m1,early,490,395,VSG-N-TypeB,B1,B
c3946_g1_i1_d30_1450,0.013715975,30,3017.51461,m1,early,483,377,VSG-N-TypeA,A3,A
c3726_g2_i1_d26_1406,0.201847858,26,201.8478575,m1,early,468,390,VSG-N-TypeA,A2,A
c3726_g2_i1_d26_1406,0.035744784,30,7863.852467,m1,early,468,390,VSG-N-TypeA,A2,A
c703_g1_i1_d18_1536,0.123061238,26,123.061238,m1,early,512,439,VSG-N-TypeA,A1,A
c703_g1_i1_d18_1536,1.530166092,30,336636.5403,m1,early,512,439,VSG-N-TypeA,A1,A
c4435_g8_i1_d21_1521,0.394558219,26,394.5582187,m1,early,507,394,VSG-N-TypeA,A2,A
c3555_g1_i2_d18_1519,0.108147135,26,108.1471348,m1,early,506,393,VSG-N-TypeB,B1,B
c3746_g1_i1_d26_1496,0.21619684,26,216.1968404,m1,early,498,394,VSG-N-TypeA,A2,A
c3981_g3_i1_d30_1590,0.116657763,26,116.6577628,m1,early,530,431,VSG-N-TypeA,A1,A
c3981_g3_i1_d30_1590,5.177342579,30,1139015.367,m1,early,530,431,VSG-N-TypeA,A1,A
c2947_g1_i1_d30_1719,0.011631533,26,11.63153259,m1,early,573,442,VSG-N-TypeB,B2,B
c2947_g1_i1_d30_1719,0.019056291,30,4192.384125,m1,early,573,442,VSG-N-TypeB,B2,B
c3726_g1_i1_d26_1047,0.140940202,26,140.9402019,m1,early,349,278,VSG-N-TypeB,B2,B
c3726_g1_i1_d26_1047,0.899606423,30,197913.4132,m1,early,349,278,VSG-N-TypeB,B2,B
c1554_g1_i1_d30_1509,13.03999093,26,13039.99093,m1,early,503,420,VSG-N-TypeA,A1,A
c1554_g1_i1_d30_1509,65.36109806,30,14379441.57,m1,early,503,420,VSG-N-TypeA,A1,A
c3421_g1_i1_d26_1446,0.024941488,26,24.9414878,m1,early,482,392,VSG-N-TypeA,A3,A
c3770_g4_i1_d26_1503,0.198028822,26,198.0288224,m1,early,501,390,VSG-N-TypeB,B1,B
c3770_g4_i1_d26_1503,2.001064536,30,440234.198,m1,early,501,390,VSG-N-TypeB,B1,B
c2417_g1_i1_d21_1281,0.099974785,26,99.97478504,m1,early,427,384,VSG-N-TypeB,B1,B
c2417_g1_i1_d21_1281,1.270770213,30,279569.4469,m1,early,427,384,VSG-N-TypeB,B1,B
c3239_g1_i1_d30_1653,0.029901851,26,29.9018508,m1,early,551,442,VSG-N-TypeB,B2,B
c3205_g2_i1_d26_1443,0.010243926,26,10.24392581,m1,early,481,397,VSG-N-TypeB,B2,B
c3290_g1_i1_d26_1337,0.025720622,26,25.72062226,m1,early,445,386,VSG-N-TypeA,A3,A
c3792_g1_i1_d26_1429,1.018751727,26,1018.751727,m1,early,476,410,VSG-N-TypeA,A1,A
c3792_g1_i1_d26_1429,2.769128389,30,609208.2455,m1,early,476,410,VSG-N-TypeA,A1,A
c3535_g1_i1_d26_1343,0.148643985,26,148.6439848,m1,early,447,431,VSG-N-TypeA,A1,A
c3535_g1_i1_d26_1343,1.565420481,30,344392.5058,m1,early,447,431,VSG-N-TypeA,A1,A
c3699_g1_i1_d26_1467,0.062362083,26,62.36208294,m1,early,489,357,VSG-N-TypeA,A2,A
c3790_g4_i1_d26_1454,0.027207514,26,27.20751373,m1,early,484,372,VSG-N-TypeB,B2,B
c2930_g1_i1_d26_1479,0.021131187,26,21.1311869,m1,early,493,417,VSG-N-TypeA,A1,A
c1610_g1_i1_d18_1332,0.017438414,26,17.43841352,m1,early,444,399,VSG-N-TypeA,A2,A
c3561_g1_i4_d30_1077,0.022964364,30,5052.160058,m1,early,359,257,VSG-N-TypeA,A3,A
c4078_g1_i1_d26_1362,0.056908848,30,12519.94652,m1,early,454,402,VSG-N-TypeA,A3,A
c3127_g1_i3_d30_939,0.113367911,30,24940.94037,m1,early,313,NA,None,NA,NA
c2560_g1_i1_d30_1261,0.026117217,30,5745.787792,m1,early,420,360,VSG-N-TypeA,A1,A
c4005_g2_i1_d30_1091,0.017499969,30,3849.993253,m1,early,363,327,VSG-N-TypeB,B2,B
c3948_g2_i4_d30_908,0.01345589,30,2960.295721,m1,early,302,236,VSG-N-TypeA,A1,A
c3778_g1_i1_d18_1467,94.13397559,6,1882679.512,m2,early,489,364,VSG-N-TypeB,B2,B
c3778_g1_i1_d18_1467,0.484785484,12,484.7854836,m2,early,489,364,VSG-N-TypeB,B2,B
c3778_g1_i1_d18_1467,0.034723824,14,2777.905929,m2,early,489,364,VSG-N-TypeB,B2,B
c3778_g1_i1_d18_1467,0.011359985,26,11.35998454,m2,early,489,364,VSG-N-TypeB,B2,B
c2565_g2_i1_d12_1602,5.652618554,6,113052.3711,m2,early,534,449,VSG-N-TypeB,B2,B
c2565_g2_i1_d12_1602,5.78236499,12,5782.36499,m2,early,534,449,VSG-N-TypeB,B2,B
c2565_g2_i1_d12_1602,0.022635618,21,2716.274115,m2,early,534,449,VSG-N-TypeB,B2,B
c6715_g1_i1_d6-7_1473,0.043307641,6,866.1528204,m2,early,491,393,VSG-N-TypeB,B2,B
c6715_g1_i1_d6-7_1473,0.272907407,12,272.9074067,m2,early,491,393,VSG-N-TypeB,B2,B
c4432_g1_i2_d21_978,0.039028261,6,780.5652208,m2,early,326,246,VSG-N-TypeB,B2,B
c4432_g1_i2_d21_978,0.150433066,12,150.4330665,m2,early,326,246,VSG-N-TypeB,B2,B
c4432_g1_i2_d21_978,0.01423896,18,854.3375734,m2,early,326,246,VSG-N-TypeB,B2,B
c4432_g1_i2_d21_978,0.35191561,21,42229.87317,m2,early,326,246,VSG-N-TypeB,B2,B
c4432_g1_i2_d21_978,1.856530784,24,18565.30784,m2,early,326,246,VSG-N-TypeB,B2,B
c4432_g1_i2_d21_978,1.168487151,26,1168.487151,m2,early,326,246,VSG-N-TypeB,B2,B
c4432_g1_i2_d21_978,0.043496189,30,43.49618866,m2,early,326,246,VSG-N-TypeB,B2,B
c3778_g2_i1_d18_1392,0.03181967,6,636.3934084,m2,early,464,368,VSG-N-TypeB,B2,B
c3778_g2_i1_d18_1392,1.649422709,12,1649.422709,m2,early,464,368,VSG-N-TypeB,B2,B
c3778_g2_i1_d18_1392,3.307375492,14,264590.0394,m2,early,464,368,VSG-N-TypeB,B2,B
c3778_g2_i1_d18_1392,41.94372734,18,2516623.641,m2,early,464,368,VSG-N-TypeB,B2,B
c3778_g2_i1_d18_1392,0.016930225,21,2031.627024,m2,early,464,368,VSG-N-TypeB,B2,B
c3778_g3_i1_d18_1581,0.01403686,6,280.7372006,m2,early,527,401,VSG-N-TypeA,A2,A
c3778_g3_i1_d18_1581,0.593658007,12,593.6580074,m2,early,527,401,VSG-N-TypeA,A2,A
c3778_g3_i1_d18_1581,0.326426729,14,26114.13831,m2,early,527,401,VSG-N-TypeA,A2,A
c1376_g1_i1_d14_1321,0.01220085,6,244.0169948,m2,early,440,336,VSG-N-TypeA,A2,A
c1376_g1_i1_d14_1321,0.017865562,12,17.86556241,m2,early,440,336,VSG-N-TypeA,A2,A
c1376_g1_i1_d14_1321,0.040679549,30,40.67954855,m2,early,440,336,VSG-N-TypeA,A2,A
c1469_g1_i1_d21_976,0.012162389,6,243.2477847,m2,early,325,265,VSG-N-TypeB,B2,B
c1469_g1_i1_d21_976,0.027093718,21,3251.246188,m2,early,325,265,VSG-N-TypeB,B2,B
c1469_g1_i1_d21_976,0.147967176,24,1479.67176,m2,early,325,265,VSG-N-TypeB,B2,B
c1469_g1_i1_d21_976,0.183787022,26,183.7870223,m2,early,325,265,VSG-N-TypeB,B2,B
c1469_g1_i1_d21_976,0.016178086,30,16.17808642,m2,early,325,265,VSG-N-TypeB,B2,B
c4563_g1_i1_d14_1408,0.010663968,6,213.2793699,m2,early,469,392,VSG-N-TypeA,A2,A
c4563_g1_i1_d14_1408,0.03283145,12,32.83145047,m2,early,469,392,VSG-N-TypeA,A2,A
c4563_g1_i1_d14_1408,0.013889336,18,833.3601345,m2,early,469,392,VSG-N-TypeA,A2,A
c4563_g1_i1_d14_1408,0.021801136,21,2616.136354,m2,early,469,392,VSG-N-TypeA,A2,A
c4563_g1_i1_d14_1408,0.037199038,24,371.9903818,m2,early,469,392,VSG-N-TypeA,A2,A
c4563_g1_i1_d14_1408,0.02532605,30,25.32604969,m2,early,469,392,VSG-N-TypeA,A2,A
c4209_g2_i1_d6-7_1392,0.010551488,6,211.0297698,m2,early,464,371,VSG-N-TypeB,B2,B
c4209_g2_i1_d6-7_1392,2.505796107,12,2505.796107,m2,early,464,371,VSG-N-TypeB,B2,B
c4209_g2_i1_d6-7_1392,0.084401574,14,6752.125899,m2,early,464,371,VSG-N-TypeB,B2,B
c4209_g2_i1_d6-7_1392,0.128219416,18,7693.164965,m2,early,464,371,VSG-N-TypeB,B2,B
c3733_g1_i1_d30_948,0.024279567,21,2913.548033,m2,early,316,266,VSG-N-TypeB,B2,B
c3733_g1_i1_d30_948,0.04402732,24,440.2731994,m2,early,316,266,VSG-N-TypeB,B2,B
c3733_g1_i1_d30_948,0.109470859,26,109.4708585,m2,early,316,266,VSG-N-TypeB,B2,B
c2595_g1_i2_d12_1449,0.010641073,14,851.2858749,m2,early,483,400,VSG-N-TypeA,A3,A
c2595_g1_i2_d12_1449,0.06267188,18,3760.312822,m2,early,483,400,VSG-N-TypeA,A3,A
c4483_g5_i1_d21_943,0.019101428,21,2292.171406,m2,early,314,278,VSG-N-TypeB,B2,B
c4483_g5_i1_d21_943,0.170333702,24,1703.337021,m2,early,314,278,VSG-N-TypeB,B2,B
c4483_g5_i1_d21_943,0.388630355,26,388.6303547,m2,early,314,278,VSG-N-TypeB,B2,B
c4483_g5_i1_d21_943,0.01945974,30,19.45973999,m2,early,314,278,VSG-N-TypeB,B2,B
c914_g1_i1_d12_1542,62.15786089,12,62157.86089,m2,early,514,390,VSG-N-TypeA,A2,A
c914_g1_i1_d12_1542,44.78242872,14,3582594.298,m2,early,514,390,VSG-N-TypeA,A2,A
c914_g1_i1_d12_1542,0.026685178,18,1601.110661,m2,early,514,390,VSG-N-TypeA,A2,A
c377_g1_i1_d6-7_1350,0.032657865,24,326.5786515,m2,early,450,346,VSG-N-TypeA,A2,A
c377_g1_i1_d6-7_1350,0.011038599,30,11.03859868,m2,early,450,346,VSG-N-TypeA,A2,A
c4596_g3_i2_d14_1497,1.138684854,12,1138.684854,m2,early,499,483,VSG-N-TypeA,A2,A
c4596_g3_i2_d14_1497,10.41630884,18,624978.5303,m2,early,499,483,VSG-N-TypeA,A2,A
c4596_g3_i2_d14_1497,0.232848792,21,27941.85508,m2,early,499,483,VSG-N-TypeA,A2,A
c4596_g3_i2_d14_1497,1.11603258,24,11160.3258,m2,early,499,483,VSG-N-TypeA,A2,A
c4596_g3_i2_d14_1497,0.419187114,26,419.1871136,m2,early,499,483,VSG-N-TypeA,A2,A
c3981_g4_i1_d30_1542,0.326012235,26,326.0122347,m2,early,514,394,VSG-N-TypeB,B1,B
c3801_g2_i4_d18_1029,0.019765865,12,19.76586511,m2,early,343,264,VSG-N-TypeB,B2,B
c3801_g2_i4_d18_1029,0.015136285,18,908.1771196,m2,early,343,264,VSG-N-TypeB,B2,B
c3801_g2_i4_d18_1029,0.033641351,21,4036.962128,m2,early,343,264,VSG-N-TypeB,B2,B
c3801_g2_i4_d18_1029,0.065952964,24,659.5296384,m2,early,343,264,VSG-N-TypeB,B2,B
c3801_g2_i4_d18_1029,0.029138903,26,29.13890281,m2,early,343,264,VSG-N-TypeB,B2,B
c4596_g2_i1_d14_1422,0.639675515,12,639.6755155,m2,early,474,384,VSG-N-TypeB,B2,B
c3761_g2_i1_d26_1392,0.040040583,14,3203.246626,m2,early,464,346,VSG-N-TypeA,A2,A
c3761_g2_i1_d26_1392,0.011144472,18,668.6683141,m2,early,464,346,VSG-N-TypeA,A2,A
c2565_g1_i1_d12_1500,0.723783043,12,723.7830429,m2,early,500,421,VSG-N-TypeA,A1,A
c2414_g1_i3_d18_1404,0.124328045,18,7459.682682,m2,early,468,391,VSG-N-TypeA,A3,A
c4596_g1_i1_d14_1519,0.031978574,14,2558.285932,m2,early,506,395,VSG-N-TypeA,A2,A
c3790_g1_i1_d26_1497,0.566560862,12,566.5608624,m2,early,499,377,VSG-N-TypeB,B2,B
c3790_g1_i1_d26_1497,0.424666213,14,33973.29706,m2,early,499,377,VSG-N-TypeB,B2,B
c1999_g1_i1_d18_1302,19.91681567,12,19916.81567,m2,early,434,317,VSG-N-TypeA,A2,A
c1999_g1_i1_d18_1302,49.82102476,14,3985681.981,m2,early,434,317,VSG-N-TypeA,A2,A
c4621_g1_i1_d14_1551,1.400476804,12,1400.476804,m2,early,517,386,VSG-N-TypeB,B1,B
c4621_g1_i1_d14_1551,0.839630753,14,67170.4602,m2,early,517,386,VSG-N-TypeB,B1,B
c3963_g1_i1_d30_1512,0.360988665,12,360.9886654,m2,early,504,400,VSG-N-TypeB,B1,B
c3963_g1_i1_d30_1512,0.053663243,14,4293.059479,m2,early,504,400,VSG-N-TypeB,B1,B
c3312_g1_i1_d18_1575,0.228308256,12,228.3082557,m2,early,525,390,VSG-N-TypeA,A2,A
c2673_g1_i1_d14_1439,0.223585734,12,223.585734,m2,early,479,383,VSG-N-TypeB,B1,B
c2673_g1_i1_d14_1439,0.059004843,30,59.00484275,m2,early,479,383,VSG-N-TypeB,B1,B
c580_g1_i1_d12_1454,0.183315914,12,183.3159139,m2,early,484,382,VSG-N-TypeA,A2,A
c4361_g1_i1_d21_1458,0.172721102,12,172.7211025,m2,early,486,361,VSG-N-TypeA,A2,A
c4361_g1_i1_d21_1458,0.092610383,14,7408.830665,m2,early,486,361,VSG-N-TypeA,A2,A
c4361_g1_i1_d21_1458,28.05565405,18,1683339.243,m2,early,486,361,VSG-N-TypeA,A2,A
c470_g1_i1_d12_1461,0.146302652,12,146.3026521,m2,early,487,401,VSG-N-TypeB,B1,B
c470_g1_i1_d12_1461,0.051054156,14,4084.332446,m2,early,487,401,VSG-N-TypeB,B1,B
c470_g1_i1_d12_1461,0.02279653,18,1367.791813,m2,early,487,401,VSG-N-TypeB,B1,B
c4596_g4_i1_d14_1383,0.129120848,12,129.1208478,m2,early,461,385,VSG-N-TypeA,A3,A
c4596_g4_i1_d14_1383,0.263018987,18,15781.13922,m2,early,461,385,VSG-N-TypeA,A3,A
c4596_g4_i1_d14_1383,14.05186412,21,1686223.695,m2,early,461,385,VSG-N-TypeA,A3,A
c3604_g1_i3_d18_1482,0.114906497,12,114.9064968,m2,early,494,330,VSG-N-TypeA,A2,A
c3604_g1_i3_d18_1482,0.051943258,18,3116.595481,m2,early,494,330,VSG-N-TypeA,A2,A
c2548_g1_i1_d12_1494,0.05927515,12,59.27514981,m2,early,498,419,VSG-N-TypeA,A1,A
c2548_g1_i1_d12_1494,0.015407694,18,924.4616639,m2,early,498,419,VSG-N-TypeA,A1,A
c2548_g1_i1_d12_1494,0.026303018,21,3156.362111,m2,early,498,419,VSG-N-TypeA,A1,A
c329_g1_i1_d12_1533,0.054356223,12,54.35622279,m2,early,511,392,VSG-N-TypeA,A2,A
c329_g1_i1_d12_1533,0.16348449,26,163.4844903,m2,early,511,392,VSG-N-TypeA,A2,A
c329_g1_i1_d12_1533,0.038538392,30,38.53839201,m2,early,511,392,VSG-N-TypeA,A2,A
c4996_g1_i1_d12_1476,0.044137251,12,44.13725146,m2,early,492,396,VSG-N-TypeB,B1,B
c4996_g1_i1_d12_1476,0.034984771,21,4198.172491,m2,early,492,396,VSG-N-TypeB,B1,B
c473_g1_i1_d12_1605,0.043195348,12,43.19534848,m2,early,535,451,VSG-N-TypeB,B2,B
c473_g1_i1_d12_1605,0.010371211,14,829.6969188,m2,early,535,451,VSG-N-TypeB,B2,B
c3444_g1_i1_d18_1419,0.04104106,12,41.04106024,m2,early,473,393,VSG-N-TypeA,A2,A
c3444_g1_i1_d18_1419,5.039117037,18,302347.0222,m2,early,473,393,VSG-N-TypeA,A2,A
c3444_g1_i1_d18_1419,0.018367082,21,2204.049869,m2,early,473,393,VSG-N-TypeA,A2,A
c3444_g1_i1_d18_1419,0.221402854,24,2214.028541,m2,early,473,393,VSG-N-TypeA,A2,A
c3444_g1_i1_d18_1419,0.084115051,26,84.11505138,m2,early,473,393,VSG-N-TypeA,A2,A
c1620_g1_i1_d12_1413,0.038791873,12,38.79187315,m2,early,471,399,VSG-N-TypeA,A2,A
c2524_g1_i1_d6-7_1452,0.031829309,12,31.82930935,m2,early,484,386,VSG-N-TypeA,A2,A
c3790_g6_i2_d26_1512,0.030321274,12,30.32127392,m2,early,504,332,VSG-N-TypeA,A2,A
c3205_g1_i1_d26_1422,0.020367197,12,20.36719745,m2,early,474,380,VSG-N-TypeB,B1,B
c3205_g1_i1_d26_1422,0.445890589,18,26753.43534,m2,early,474,380,VSG-N-TypeB,B1,B
c6551_g1_i1_d21_1482,5.488617735,18,329317.0641,m2,early,494,404,VSG-N-TypeA,A2,A
c6551_g1_i1_d21_1482,26.38044801,21,3165653.761,m2,early,494,404,VSG-N-TypeA,A2,A
c5532_g2_i2_d24_1007,0.158017931,24,1580.179313,m2,early,335,266,VSG-N-TypeB,B2,B
c5532_g2_i2_d24_1007,0.036282998,26,36.28299833,m2,early,335,266,VSG-N-TypeB,B2,B
c3738_g2_i1_d18_1404,0.02771802,21,3326.162432,m2,early,468,373,VSG-N-TypeA,A2,A
c452_g1_i1_d21_1533,0.124272743,21,14912.72911,m2,early,511,391,VSG-N-TypeA,A2,A
c353_g1_i1_d6-7_948,0.016514322,21,1981.718633,m2,early,316,285,VSG-N-TypeB,B2,B
c353_g1_i1_d6-7_948,0.189293932,24,1892.939317,m2,early,316,285,VSG-N-TypeB,B2,B
c3724_g1_i3_d26_1371,0.108039329,18,6482.359743,m2,early,457,385,VSG-N-TypeA,A3,A
c4500_g2_i2_d21_1395,0.60670324,21,72804.38877,m2,early,465,371,VSG-N-TypeB,B2,B
c4500_g2_i2_d21_1395,0.116182289,24,1161.82289,m2,early,465,371,VSG-N-TypeB,B2,B
c3688_g1_i1_d26_1500,0.019307571,21,2316.908573,m2,early,500,387,VSG-N-TypeB,B2,B
c3688_g1_i1_d26_1500,0.382508476,24,3825.084755,m2,early,500,387,VSG-N-TypeB,B2,B
c3688_g1_i1_d26_1500,1.719920239,26,1719.920239,m2,early,500,387,VSG-N-TypeB,B2,B
c2721_g1_i1_d14_1380,0.281657337,18,16899.44023,m2,early,460,398,VSG-N-TypeB,B2,B
c1696_g1_i1_d12_1582,0.084646396,18,5078.783755,m2,early,527,397,VSG-N-TypeB,B2,B
c4517_g2_i1_d21_1467,3.176191745,18,190571.5047,m2,early,489,129,VSG-N-TypeA,A2,A
c4517_g2_i1_d21_1467,34.64996658,21,4157995.99,m2,early,489,129,VSG-N-TypeA,A2,A
c4459_g2_i1_d21_1469,0.023001102,18,1380.066097,m2,early,489,396,VSG-N-TypeB,B1,B
c4459_g2_i1_d21_1469,0.231602198,21,27792.26382,m2,early,489,396,VSG-N-TypeB,B1,B
c4459_g2_i1_d21_1469,0.040293327,24,402.9332729,m2,early,489,396,VSG-N-TypeB,B1,B
c3743_g1_i1_d18_1465,0.147727749,18,8863.664952,m2,early,488,382,VSG-N-TypeB,B2,B
c3764_g1_i1_d26_1479,0.148512499,24,1485.124993,m2,early,493,390,VSG-N-TypeA,A2,A
c5527_g1_i2_d24_1479,0.012745555,21,1529.466639,m2,early,493,407,VSG-N-TypeB,B2,B
c5527_g1_i2_d24_1479,0.324435046,24,3244.350465,m2,early,493,407,VSG-N-TypeB,B2,B
c4454_g1_i1_d21_1473,0.204217746,18,12253.06476,m2,early,491,414,VSG-N-TypeA,A1,A
c4454_g1_i1_d21_1473,0.242104107,21,29052.49288,m2,early,491,414,VSG-N-TypeA,A1,A
c5477_g4_i1_d24_1624,0.0361944,18,2171.664005,m2,early,541,402,VSG-N-TypeB,B2,B
c5477_g4_i1_d24_1624,0.188113092,21,22573.57104,m2,early,541,402,VSG-N-TypeB,B2,B
c5477_g4_i1_d24_1624,6.197908988,24,61979.08988,m2,early,541,402,VSG-N-TypeB,B2,B
c4124_g1_i1_d14_1272,0.093040598,24,930.4059843,m2,early,424,378,VSG-N-TypeB,B2,B
c3770_g2_i1_d26_1545,0.358166869,24,3581.668686,m2,early,515,395,VSG-N-TypeA,A2,A
c3770_g2_i1_d26_1545,0.88424145,26,884.24145,m2,early,515,395,VSG-N-TypeA,A2,A
c3678_g1_i1_d18_1348,0.015370687,18,922.2412332,m2,early,449,390,VSG-N-TypeA,A2,A
c3678_g1_i1_d18_1348,0.082841791,21,9941.0149,m2,early,449,390,VSG-N-TypeA,A2,A
c3724_g1_i1_d18_1441,0.105938065,18,6356.283923,m2,early,480,386,VSG-N-TypeB,B1,B
c3865_g1_i3_d18_1395,0.320038115,18,19202.28692,m2,early,465,387,VSG-N-TypeA,A3,A
c3865_g1_i3_d18_1395,2.542476383,21,305097.166,m2,early,465,387,VSG-N-TypeA,A3,A
c5527_g3_i1_d24_1446,0.110546937,21,13265.63242,m2,early,482,411,VSG-N-TypeA,A1,A
c5527_g3_i1_d24_1446,1.095545839,24,10955.45839,m2,early,482,411,VSG-N-TypeA,A1,A
c4462_g1_i1_d21_1427,0.030203992,18,1812.239538,m2,early,475,381,VSG-N-TypeA,A2,A
c4462_g1_i1_d21_1427,0.100997776,21,12119.73317,m2,early,475,381,VSG-N-TypeA,A2,A
c2232_g1_i1_d30_1474,0.035663526,30,35.66352627,m2,early,491,427,VSG-N-TypeA,A1,A
c4029_g1_i1_d30_1423,1.027789314,18,61667.35883,m2,early,474,416,VSG-N-TypeA,A1,A
c3071_g1_i2_d30_1452,0.46970045,18,28182.02697,m2,early,484,379,VSG-N-TypeB,B1,B
c4506_g1_i1_d14_1420,0.279090305,18,16745.41832,m2,early,473,369,VSG-N-TypeB,B2,B
c4435_g4_i1_d21_1472,0.224171752,18,13450.30511,m2,early,490,416,VSG-N-TypeA,A1,A
c3809_g1_i1_d18_1425,0.203053855,18,12183.23132,m2,early,475,378,VSG-N-TypeA,A2,A
c3809_g1_i1_d18_1425,5.760047925,21,691205.751,m2,early,475,378,VSG-N-TypeA,A2,A
c3726_g2_i1_d26_1406,0.129043326,18,7742.59957,m2,early,468,390,VSG-N-TypeA,A2,A
c3726_g2_i1_d26_1406,0.0386845,30,38.68449976,m2,early,468,390,VSG-N-TypeA,A2,A
c3836_g2_i1_d18_1600,0.109187141,18,6551.228436,m2,early,533,398,VSG-N-TypeA,A2,A
c3836_g2_i1_d18_1600,0.991914834,21,119029.7801,m2,early,533,398,VSG-N-TypeA,A2,A
c3836_g2_i1_d18_1600,0.015876269,24,158.7626918,m2,early,533,398,VSG-N-TypeA,A2,A
c3840_g1_i1_d18_1485,0.10655999,18,6393.599428,m2,early,495,394,VSG-N-TypeA,A2,A
c3840_g1_i1_d18_1485,1.60227435,21,192272.922,m2,early,495,394,VSG-N-TypeA,A2,A
c3840_g1_i1_d18_1485,0.020963179,26,20.96317861,m2,early,495,394,VSG-N-TypeA,A2,A
c3790_g3_i1_d26_1542,0.100246149,18,6014.768913,m2,early,514,394,VSG-N-TypeB,B1,B
c3790_g3_i1_d26_1542,0.086826332,21,10419.15987,m2,early,514,394,VSG-N-TypeB,B1,B
c3790_g3_i1_d26_1542,0.535473313,24,5354.733131,m2,early,514,394,VSG-N-TypeB,B1,B
c3790_g3_i1_d26_1542,0.951486718,26,951.4867185,m2,early,514,394,VSG-N-TypeB,B1,B
c4081_g1_i2_d21_1344,0.08944832,18,5366.899222,m2,early,448,396,VSG-N-TypeB,B2,B
c4081_g1_i2_d21_1344,0.921927834,21,110631.3401,m2,early,448,396,VSG-N-TypeB,B2,B
c2857_g1_i1_d18_1608,0.082301569,18,4938.094159,m2,early,536,394,VSG-N-TypeB,B2,B
c4435_g2_i2_d21_1692,0.070222228,18,4213.333698,m2,early,564,444,VSG-N-TypeB,B2,B
c4435_g2_i2_d21_1692,0.023343837,21,2801.260442,m2,early,564,444,VSG-N-TypeB,B2,B
c1439_g1_i1_d21_1328,0.046590303,18,2795.418177,m2,early,442,390,VSG-N-TypeA,A2,A
c1439_g1_i1_d21_1328,0.015731771,30,15.7317706,m2,early,442,390,VSG-N-TypeA,A2,A
c3608_g1_i1_d18_1354,0.045908511,18,2754.510683,m2,early,451,380,VSG-N-TypeA,A3,A
c3608_g1_i1_d18_1354,0.275434757,21,33052.17089,m2,early,451,380,VSG-N-TypeA,A3,A
c3788_g4_i1_d26_1461,0.038760855,18,2325.6513,m2,early,487,398,VSG-N-TypeB,B1,B
c3788_g4_i1_d26_1461,0.600245906,21,72029.50873,m2,early,487,398,VSG-N-TypeB,B1,B
c4500_g3_i2_d21_1017,0.027609129,18,1656.54774,m2,early,339,339,VSG-N-TypeB,B2,B
c4500_g3_i2_d21_1017,0.021488863,21,2578.663525,m2,early,339,339,VSG-N-TypeB,B2,B
c4500_g3_i2_d21_1017,0.020603155,30,20.60315503,m2,early,339,339,VSG-N-TypeB,B2,B
c4096_g1_i1_d21_1458,0.02694688,18,1616.812825,m2,early,486,357,VSG-N-TypeA,A2,A
c4096_g1_i1_d21_1458,0.01270255,21,1524.306016,m2,early,486,357,VSG-N-TypeA,A2,A
c3773_g1_i1_d26_1456,0.024080643,18,1444.83855,m2,early,485,399,VSG-N-TypeA,A2,A
c3773_g1_i1_d26_1456,0.383364883,21,46003.78597,m2,early,485,399,VSG-N-TypeA,A2,A
c4501_g1_i1_d14_1470,0.021702552,18,1302.153114,m2,early,490,394,VSG-N-TypeA,A2,A
c4501_g1_i1_d14_1470,0.59270481,21,71124.57715,m2,early,490,394,VSG-N-TypeA,A2,A
c4501_g1_i1_d14_1470,0.016087735,26,16.08773463,m2,early,490,394,VSG-N-TypeA,A2,A
c4501_g1_i1_d14_1470,0.010963179,30,10.96317873,m2,early,490,394,VSG-N-TypeA,A2,A
c3856_g3_i1_d18_1260,0.016741724,18,1004.503453,m2,early,420,379,VSG-N-TypeB,B2,B
c3856_g3_i1_d18_1260,6.290489916,21,754858.7899,m2,early,420,379,VSG-N-TypeB,B2,B
c1610_g1_i1_d18_1332,0.016454644,18,987.2786523,m2,early,444,399,VSG-N-TypeA,A2,A
c3778_g4_i1_d18_1377,0.015401732,18,924.1039173,m2,early,459,366,VSG-N-TypeA,A2,A
c3778_g4_i1_d18_1377,0.202839524,21,24340.74291,m2,early,459,366,VSG-N-TypeA,A2,A
c3778_g4_i1_d18_1377,0.799325902,24,7993.259024,m2,early,459,366,VSG-N-TypeA,A2,A
c3778_g4_i1_d18_1377,1.336079626,26,1336.079626,m2,early,459,366,VSG-N-TypeA,A2,A
c3778_g4_i1_d18_1377,0.082416026,30,82.41602589,m2,early,459,366,VSG-N-TypeA,A2,A
c3726_g1_i1_d26_1047,0.011674013,18,700.4407978,m2,early,349,278,VSG-N-TypeB,B2,B
c3726_g1_i1_d26_1047,0.112885974,21,13546.31693,m2,early,349,278,VSG-N-TypeB,B2,B
c4386_g1_i1_d21_1473,0.980097971,21,117611.7565,m2,early,491,391,VSG-N-TypeA,A2,A
c4386_g1_i1_d21_1473,66.83151658,24,668315.1658,m2,early,491,391,VSG-N-TypeA,A2,A
c4386_g1_i1_d21_1473,0.062469209,26,62.46920947,m2,early,491,391,VSG-N-TypeA,A2,A
c3607_g1_i1_d18_1435,0.019797333,21,2375.680002,m2,early,478,369,VSG-N-TypeB,B2,B
c4386_g4_i1_d21_1602,0.048921359,21,5870.563059,m2,early,534,438,VSG-N-TypeA,A2,A
c4386_g4_i1_d21_1602,0.466330696,24,4663.306959,m2,early,534,438,VSG-N-TypeA,A2,A
c4386_g4_i1_d21_1602,89.41890925,26,89418.90925,m2,early,534,438,VSG-N-TypeA,A2,A
c3056_g1_i1_d18_1383,0.030827342,21,3699.281046,m2,early,461,385,VSG-N-TypeA,A3,A
c3056_g1_i1_d18_1383,0.020267231,24,202.6723113,m2,early,461,385,VSG-N-TypeA,A3,A
c5515_g4_i2_d24_1154,0.01707696,21,2049.235161,m2,early,384,313,VSG-N-DomainBoundary,A2,A
c3765_g1_i1_d26_1695,0.03012468,21,3614.961636,m2,early,565,445,VSG-N-TypeB,B2,B
c5544_g1_i1_d21_1332,0.094544241,21,11345.30894,m2,early,444,340,VSG-N-TypeA,A2,A
c5544_g1_i1_d21_1332,10.1573796,24,101573.796,m2,early,444,340,VSG-N-TypeA,A2,A
c5544_g1_i1_d21_1332,0.023620513,30,23.62051332,m2,early,444,340,VSG-N-TypeA,A2,A
c4435_g8_i1_d21_1521,0.206168068,21,24740.16821,m2,early,507,394,VSG-N-TypeA,A2,A
c4435_g8_i1_d21_1521,3.462159404,24,34621.59404,m2,early,507,394,VSG-N-TypeA,A2,A
c3239_g2_i1_d30_1443,0.030784512,24,307.8451209,m2,early,481,390,VSG-N-TypeB,B1,B
c3239_g2_i1_d30_1443,0.043041022,26,43.04102189,m2,early,481,390,VSG-N-TypeB,B1,B
c3687_g1_i2_d21_1455,0.015906829,21,1908.819468,m2,early,485,397,VSG-N-TypeA,A2,A
c3687_g1_i2_d21_1455,0.011737181,24,117.3718123,m2,early,485,397,VSG-N-TypeA,A2,A
c3687_g1_i2_d21_1455,0.723297234,26,723.297234,m2,early,485,397,VSG-N-TypeA,A2,A
c3584_g3_i1_d26_1470,0.020123361,30,20.1233612,m2,early,490,389,VSG-N-TypeA,A3,A
c4246_g3_i1_d21_1590,0.337684615,24,3376.846149,m2,early,530,394,VSG-N-TypeB,B1,B
c4246_g3_i1_d21_1590,1.046812813,26,1046.812813,m2,early,530,394,VSG-N-TypeB,B1,B
c5310_g1_i1_d24_1462,0.025618081,24,256.1808119,m2,early,487,414,VSG-N-TypeA,A1,A
c5310_g1_i1_d24_1462,0.010815041,26,10.81504098,m2,early,487,414,VSG-N-TypeA,A1,A
c4435_g6_i1_d21_1432,0.016193855,30,16.1938546,m2,early,477,372,VSG-N-TypeB,B2,B
c3107_g1_i1_d24_1470,0.061540369,26,61.54036926,m2,early,490,414,VSG-N-TypeA,A1,A
c3943_g1_i1_d30_1485,10.55465997,30,10554.65997,m2,early,495,405,VSG-N-TypeA,A2,A
c2383_g1_i1_d21_1317,0.015793861,21,1895.263341,m2,early,439,333,VSG-N-TypeA,A2,A
c2383_g1_i1_d21_1317,0.171050732,30,171.0507323,m2,early,439,333,VSG-N-TypeA,A2,A
c3761_g7_i1_d26_1485,0.086552561,24,865.525613,m2,early,495,420,VSG-N-TypeA,A1,A
c3810_g2_i1_d30_1512,31.5688274,30,31568.8274,m2,early,504,414,VSG-N-TypeB,B2,B
c3717_g1_i1_d26_1494,0.148469792,21,17816.3751,m2,early,498,418,VSG-N-TypeA,A1,A
c5527_g2_i1_d24_1440,0.116603227,21,13992.3873,m2,early,480,393,VSG-N-TypeB,B1,B
c5527_g2_i1_d24_1440,4.245770399,24,42457.70399,m2,early,480,393,VSG-N-TypeB,B1,B
c4435_g3_i1_d21_1533,0.017339689,21,2080.7627,m2,early,511,386,VSG-N-TypeA,A2,A
c1941_g1_i1_d18_1473,0.017003555,21,2040.426623,m2,early,491,398,VSG-N-TypeA,A2,A
c3433_g1_i1_d30_1403,0.478105077,30,478.1050765,m2,early,467,384,VSG-N-TypeA,A2,A
c4018_g2_i1_d30_1458,3.005595315,30,3005.595315,m2,early,486,371,VSG-N-TypeB,B2,B
c3484_g1_i1_d30_1461,0.016285174,30,16.28517409,m2,early,487,407,VSG-N-DomainBoundary,A3,A
c703_g1_i1_d18_1536,0.019482027,30,19.48202688,m2,early,512,439,VSG-N-TypeA,A1,A
c3946_g1_i1_d30_1450,0.10760017,26,107.6001698,m2,early,483,377,VSG-N-TypeA,A3,A
c3946_g1_i1_d30_1450,14.92720197,30,14927.20197,m2,early,483,377,VSG-N-TypeA,A3,A
c3997_g1_i1_d30_1317,0.11964003,30,119.6400298,m2,early,439,332,VSG-N-TypeA,A2,A
c4005_g1_i1_d30_1471,0.031916126,30,31.91612579,m2,early,490,411,VSG-N-TypeB,B2,B
c5013_g1_i1_d12_1504,0.046613303,24,466.1330261,m2,early,501,396,VSG-N-TypeA,A2,A
c3798_g2_i4_d26_1465,0.033334258,24,333.3425781,m2,early,488,414,VSG-N-TypeA,A1,A
c3798_g2_i4_d26_1465,0.013202907,26,13.20290653,m2,early,488,414,VSG-N-TypeA,A1,A
c4054_g1_i1_d24_1482,0.020605143,30,20.60514257,m2,early,494,405,VSG-N-TypeA,A2,A
c2085_g1_i1_d30_1500,0.056543763,26,56.54376333,m2,early,500,415,VSG-N-TypeA,A3,A
c2085_g1_i1_d30_1500,34.72107404,30,34721.07404,m2,early,500,415,VSG-N-TypeA,A3,A
c2820_g1_i2_d30_1421,0.542796859,26,542.7968589,m2,early,473,395,VSG-N-TypeA,A2,A
c2820_g1_i2_d30_1421,0.049116292,30,49.11629166,m2,early,473,395,VSG-N-TypeA,A2,A
c2851_g1_i2_d26_1412,0.025687871,26,25.68787055,m2,early,470,383,VSG-N-TypeB,B1,B
c2851_g1_i2_d26_1412,0.195722445,30,195.722445,m2,early,470,383,VSG-N-TypeB,B1,B
c4014_g2_i1_d30_1416,3.034321944,30,3034.321944,m2,early,472,385,VSG-N-TypeB,B1,B
c3967_g6_i1_d30_1289,0.197746505,30,197.7465053,m2,early,429,361,VSG-N-TypeA,A2,A
c3969_g1_i2_d30_1462,0.105019571,30,105.0195712,m2,early,487,394,VSG-N-TypeB,B2,B
c3358_g1_i2_d30_1539,0.028419748,30,28.4197479,m2,early,513,416,VSG-N-TypeA,A1,A
c4044_g1_i1_d30_1207,0.021436411,30,21.43641095,m2,early,402,307,VSG-N-TypeA,A2,A
c4005_g2_i1_d30_1091,0.019037603,30,19.03760285,m2,early,363,327,VSG-N-TypeB,B2,B
c3761_g8_i1_d26_1470,0.018285228,30,18.28522838,m2,early,490,388,VSG-N-TypeA,A2,A
c2964_g1_i1_d30_1494,0.01724052,30,17.24052013,m2,early,498,419,VSG-N-TypeA,A1,A
c6715_g1_i1_d6-7_1473,99.63892227,7,5978335.336,m3,early,491,393,VSG-N-TypeB,B2,B
c6715_g1_i1_d6-7_1473,0.216118815,26,56190.89196,m3,early,491,393,VSG-N-TypeB,B2,B
c2565_g2_i1_d12_1602,0.178749283,7,10724.95696,m3,early,534,449,VSG-N-TypeB,B2,B
c2565_g2_i1_d12_1602,0.772585902,12,772.5859021,m3,early,534,449,VSG-N-TypeB,B2,B
c2565_g2_i1_d12_1602,0.184297764,14,121636.5244,m3,early,534,449,VSG-N-TypeB,B2,B
c4432_g1_i2_d21_978,0.034499637,7,2069.978248,m3,early,326,246,VSG-N-TypeB,B2,B
c4432_g1_i2_d21_978,0.633591743,18,633.5917428,m3,early,326,246,VSG-N-TypeB,B2,B
c4432_g1_i2_d21_978,0.051501771,21,51.50177064,m3,early,326,246,VSG-N-TypeB,B2,B
c4432_g1_i2_d21_978,0.296286485,26,77034.48615,m3,early,326,246,VSG-N-TypeB,B2,B
c4432_g1_i2_d21_978,0.011530679,30,5765.339555,m3,early,326,246,VSG-N-TypeB,B2,B
c3778_g2_i1_d18_1392,0.033019649,7,1981.178933,m3,early,464,368,VSG-N-TypeB,B2,B
c3778_g2_i1_d18_1392,3.243833769,12,3243.833769,m3,early,464,368,VSG-N-TypeB,B2,B
c3778_g2_i1_d18_1392,0.03427764,14,22623.24236,m3,early,464,368,VSG-N-TypeB,B2,B
c3778_g2_i1_d18_1392,1.197348188,18,1197.348188,m3,early,464,368,VSG-N-TypeB,B2,B
c3778_g1_i1_d18_1467,0.023005708,7,1380.342457,m3,early,489,364,VSG-N-TypeB,B2,B
c3778_g1_i1_d18_1467,42.99671178,12,42996.71178,m3,early,489,364,VSG-N-TypeB,B2,B
c3778_g1_i1_d18_1467,27.91900712,14,18426544.7,m3,early,489,364,VSG-N-TypeB,B2,B
c3778_g1_i1_d18_1467,36.09512759,18,36095.12759,m3,early,489,364,VSG-N-TypeB,B2,B
c4563_g1_i1_d14_1408,0.011217706,7,673.0623716,m3,early,469,392,VSG-N-TypeA,A2,A
c4563_g1_i1_d14_1408,0.154686386,21,154.6863864,m3,early,469,392,VSG-N-TypeA,A2,A
c4563_g1_i1_d14_1408,0.017092401,24,25638.60183,m3,early,469,392,VSG-N-TypeA,A2,A
c1469_g1_i1_d21_976,0.011138093,7,668.2856048,m3,early,325,265,VSG-N-TypeB,B2,B
c1469_g1_i1_d21_976,0.059560217,18,59.56021658,m3,early,325,265,VSG-N-TypeB,B2,B
c1469_g1_i1_d21_976,0.01604425,21,16.04425049,m3,early,325,265,VSG-N-TypeB,B2,B
c1469_g1_i1_d21_976,0.036080111,26,9380.828914,m3,early,325,265,VSG-N-TypeB,B2,B
c4209_g2_i1_d6-7_1392,0.010707388,7,642.4432734,m3,early,464,371,VSG-N-TypeB,B2,B
c4209_g2_i1_d6-7_1392,40.86731487,12,40867.31487,m3,early,464,371,VSG-N-TypeB,B2,B
c4209_g2_i1_d6-7_1392,46.88857768,14,30946461.27,m3,early,464,371,VSG-N-TypeB,B2,B
c4209_g2_i1_d6-7_1392,0.407931458,18,407.9314583,m3,early,464,371,VSG-N-TypeB,B2,B
c3778_g3_i1_d18_1581,0.010404396,7,624.2637578,m3,early,527,401,VSG-N-TypeA,A2,A
c3778_g3_i1_d18_1581,0.026146417,26,6798.068366,m3,early,527,401,VSG-N-TypeA,A2,A
c2595_g1_i2_d12_1449,1.390966966,12,1390.966966,m3,early,483,400,VSG-N-TypeA,A3,A
c2595_g1_i2_d12_1449,22.95260551,14,15148719.64,m3,early,483,400,VSG-N-TypeA,A3,A
c2595_g1_i2_d12_1449,0.263510417,18,263.5104169,m3,early,483,400,VSG-N-TypeA,A3,A
c4483_g5_i1_d21_943,0.060363576,26,15694.52971,m3,early,314,278,VSG-N-TypeB,B2,B
c914_g1_i1_d12_1542,0.286017988,12,286.0179877,m3,early,514,390,VSG-N-TypeA,A2,A
c914_g1_i1_d12_1542,0.856405881,14,565227.8816,m3,early,514,390,VSG-N-TypeA,A2,A
c914_g1_i1_d12_1542,13.86282009,18,13862.82009,m3,early,514,390,VSG-N-TypeA,A2,A
c1376_g1_i1_d14_1321,0.521611238,18,521.6112383,m3,early,440,336,VSG-N-TypeA,A2,A
c1376_g1_i1_d14_1321,0.014788056,24,22182.08443,m3,early,440,336,VSG-N-TypeA,A2,A
c1376_g1_i1_d14_1321,0.024387533,26,6340.758562,m3,early,440,336,VSG-N-TypeA,A2,A
c1376_g1_i1_d14_1321,0.024672071,30,12336.03573,m3,early,440,336,VSG-N-TypeA,A2,A
c2169_g1_i1_d12_1431,1.842614543,18,1842.614543,m3,early,477,404,VSG-N-TypeB,B1,B
c2169_g1_i1_d12_1431,0.012564294,24,18846.44055,m3,early,477,404,VSG-N-TypeB,B1,B
c4596_g3_i2_d14_1497,0.018356085,18,18.35608495,m3,early,499,483,VSG-N-TypeA,A2,A
c4596_g3_i2_d14_1497,0.200442022,21,200.4420222,m3,early,499,483,VSG-N-TypeA,A2,A
c4596_g3_i2_d14_1497,0.155683945,24,233525.917,m3,early,499,483,VSG-N-TypeA,A2,A
c4596_g3_i2_d14_1497,4.479397951,26,1164643.467,m3,early,499,483,VSG-N-TypeA,A2,A
c4596_g3_i2_d14_1497,0.064387638,30,32193.81916,m3,early,499,483,VSG-N-TypeA,A2,A
c3801_g2_i4_d18_1029,0.041013218,26,10663.43668,m3,early,343,264,VSG-N-TypeB,B2,B
c4596_g2_i1_d14_1422,3.654021683,18,3654.021683,m3,early,474,384,VSG-N-TypeB,B2,B
c3761_g2_i1_d26_1392,0.099758822,18,99.75882167,m3,early,464,346,VSG-N-TypeA,A2,A
c3761_g2_i1_d26_1392,0.698084815,21,698.0848146,m3,early,464,346,VSG-N-TypeA,A2,A
c3761_g2_i1_d26_1392,0.220585715,24,330878.5721,m3,early,464,346,VSG-N-TypeA,A2,A
c3761_g2_i1_d26_1392,12.7899246,26,3325380.396,m3,early,464,346,VSG-N-TypeA,A2,A
c2565_g1_i1_d12_1500,0.025923932,12,25.92393198,m3,early,500,421,VSG-N-TypeA,A1,A
c1999_g1_i1_d18_1302,1.016008925,12,1016.008925,m3,early,434,317,VSG-N-TypeA,A2,A
c1999_g1_i1_d18_1302,0.064546454,14,42600.65974,m3,early,434,317,VSG-N-TypeA,A2,A
c1999_g1_i1_d18_1302,0.010840719,18,10.84071928,m3,early,434,317,VSG-N-TypeA,A2,A
c3790_g1_i1_d26_1497,0.171549161,18,171.5491608,m3,early,499,377,VSG-N-TypeB,B2,B
c3790_g1_i1_d26_1497,0.053616515,21,53.61651488,m3,early,499,377,VSG-N-TypeB,B2,B
c3790_g1_i1_d26_1497,0.018257745,24,27386.61731,m3,early,499,377,VSG-N-TypeB,B2,B
c3790_g1_i1_d26_1497,4.25973806,26,1107531.896,m3,early,499,377,VSG-N-TypeB,B2,B
c473_g1_i1_d12_1605,8.459488937,12,8459.488937,m3,early,535,451,VSG-N-TypeB,B2,B
c4621_g1_i1_d14_1551,0.765105921,12,765.1059206,m3,early,517,386,VSG-N-TypeB,B1,B
c4621_g1_i1_d14_1551,1.030114286,14,679875.4289,m3,early,517,386,VSG-N-TypeB,B1,B
c4621_g1_i1_d14_1551,3.45198396,18,3451.98396,m3,early,517,386,VSG-N-TypeB,B1,B
c3604_g1_i3_d18_1482,0.103240711,12,103.240711,m3,early,494,330,VSG-N-TypeA,A2,A
c3790_g6_i2_d26_1512,0.026674904,12,26.67490441,m3,early,504,332,VSG-N-TypeA,A2,A
c470_g1_i1_d12_1461,0.016525459,12,16.52545878,m3,early,487,401,VSG-N-TypeB,B1,B
c470_g1_i1_d12_1461,1.235084548,18,1235.084548,m3,early,487,401,VSG-N-TypeB,B1,B
c470_g1_i1_d12_1461,0.100902761,21,100.9027607,m3,early,487,401,VSG-N-TypeB,B1,B
c2673_g1_i1_d14_1439,0.946646903,18,946.6469029,m3,early,479,383,VSG-N-TypeB,B1,B
c2673_g1_i1_d14_1439,0.13350354,21,133.5035402,m3,early,479,383,VSG-N-TypeB,B1,B
c2524_g1_i1_d6-7_1452,0.133805296,30,66902.64812,m3,early,484,386,VSG-N-TypeA,A2,A
c4596_g1_i1_d14_1519,0.100117031,30,50058.51545,m3,early,506,395,VSG-N-TypeA,A2,A
c3444_g1_i1_d18_1419,0.018323396,18,18.32339627,m3,early,473,393,VSG-N-TypeA,A2,A
c3444_g1_i1_d18_1419,0.071444816,26,18575.65222,m3,early,473,393,VSG-N-TypeA,A2,A
c4500_g2_i2_d21_1395,0.794960775,30,397480.3877,m3,early,465,371,VSG-N-TypeB,B2,B
c3312_g1_i1_d18_1575,0.298850982,30,149425.491,m3,early,525,390,VSG-N-TypeA,A2,A
c3790_g5_i1_d26_1530,0.010355157,26,2692.340793,m3,early,510,397,VSG-N-TypeB,B2,B
c3790_g5_i1_d26_1530,0.166898424,30,83449.21181,m3,early,510,397,VSG-N-TypeB,B2,B
c4596_g4_i1_d14_1383,34.38333982,18,34383.33982,m3,early,461,385,VSG-N-TypeA,A3,A
c4596_g4_i1_d14_1383,0.263033988,21,263.0339882,m3,early,461,385,VSG-N-TypeA,A3,A
c4596_g4_i1_d14_1383,0.044249173,26,11504.78508,m3,early,461,385,VSG-N-TypeA,A3,A
c4361_g1_i1_d21_1458,0.016083667,18,16.08366722,m3,early,486,361,VSG-N-TypeA,A2,A
c4361_g1_i1_d21_1458,2.841529067,21,2841.529067,m3,early,486,361,VSG-N-TypeA,A2,A
c4361_g1_i1_d21_1458,4.747844544,24,7121766.816,m3,early,486,361,VSG-N-TypeA,A2,A
c4361_g1_i1_d21_1458,24.92357931,26,6480130.621,m3,early,486,361,VSG-N-TypeA,A2,A
c3778_g4_i1_d18_1377,0.0246307,21,24.63069998,m3,early,459,366,VSG-N-TypeA,A2,A
c3778_g4_i1_d18_1377,0.074737986,30,37368.99282,m3,early,459,366,VSG-N-TypeA,A2,A
c3205_g1_i1_d26_1422,0.011696413,26,3041.067268,m3,early,474,380,VSG-N-TypeB,B1,B
c4517_g2_i1_d21_1467,0.01119049,14,7385.723361,m3,early,489,129,VSG-N-TypeA,A2,A
c4517_g2_i1_d21_1467,0.051772548,18,51.77254824,m3,early,489,129,VSG-N-TypeA,A2,A
c4517_g2_i1_d21_1467,0.087464268,21,87.46426775,m3,early,489,129,VSG-N-TypeA,A2,A
c4517_g2_i1_d21_1467,0.034194753,24,51292.12893,m3,early,489,129,VSG-N-TypeA,A2,A
c4517_g2_i1_d21_1467,4.469852229,26,1162161.58,m3,early,489,129,VSG-N-TypeA,A2,A
c4517_g2_i1_d21_1467,56.88768298,30,28443841.49,m3,early,489,129,VSG-N-TypeA,A2,A
c5515_g4_i2_d24_1154,0.015281787,30,7640.893578,m3,early,384,313,VSG-N-DomainBoundary,A2,A
c452_g1_i1_d21_1533,0.055122614,21,55.12261358,m3,early,511,391,VSG-N-TypeA,A2,A
c4029_g1_i1_d30_1423,0.012138577,26,3156.029911,m3,early,474,416,VSG-N-TypeA,A1,A
c4029_g1_i1_d30_1423,1.937470069,30,968735.0346,m3,early,474,416,VSG-N-TypeA,A1,A
c3790_g3_i1_d26_1542,1.025283569,18,1025.283569,m3,early,514,394,VSG-N-TypeB,B1,B
c3790_g3_i1_d26_1542,88.86343817,21,88863.43817,m3,early,514,394,VSG-N-TypeB,B1,B
c3790_g3_i1_d26_1542,87.37856978,24,131067854.7,m3,early,514,394,VSG-N-TypeB,B1,B
c3724_g1_i3_d26_1371,0.045845736,21,45.84573646,m3,early,457,385,VSG-N-TypeA,A3,A
c3724_g1_i3_d26_1371,0.040364932,24,60547.39776,m3,early,457,385,VSG-N-TypeA,A3,A
c3724_g1_i3_d26_1371,9.579725381,26,2490728.599,m3,early,457,385,VSG-N-TypeA,A3,A
c3865_g1_i3_d18_1395,1.051824244,26,273474.3033,m3,early,465,387,VSG-N-TypeA,A3,A
c3865_g1_i3_d18_1395,9.515282116,30,4757641.058,m3,early,465,387,VSG-N-TypeA,A3,A
c3743_g1_i1_d18_1465,0.161866071,30,80933.03532,m3,early,488,382,VSG-N-TypeB,B2,B
c4501_g1_i1_d14_1470,0.077165472,26,20063.02285,m3,early,490,394,VSG-N-TypeA,A2,A
c3738_g2_i1_d18_1404,0.01063039,21,10.63038951,m3,early,468,373,VSG-N-TypeA,A2,A
c4500_g3_i2_d21_1017,0.148336897,26,38567.59309,m3,early,339,339,VSG-N-TypeB,B2,B
c4500_g3_i2_d21_1017,28.51194627,30,14255973.13,m3,early,339,339,VSG-N-TypeB,B2,B
c3239_g2_i1_d30_1443,0.012054143,30,6027.07138,m3,early,481,390,VSG-N-TypeB,B1,B
c3836_g2_i1_d18_1600,0.241658853,30,120829.4264,m3,early,533,398,VSG-N-TypeA,A2,A
c2947_g1_i1_d30_1719,0.016552416,26,4303.62826,m3,early,573,442,VSG-N-TypeB,B2,B
c3773_g1_i1_d26_1456,0.038828929,30,19414.46458,m3,early,485,399,VSG-N-TypeA,A2,A
c4386_g4_i1_d21_1602,0.011034655,24,16551.9831,m3,early,534,438,VSG-N-TypeA,A2,A
c4454_g1_i1_d21_1473,0.073426674,21,73.42667367,m3,early,491,414,VSG-N-TypeA,A1,A
c4454_g1_i1_d21_1473,0.011790249,26,3065.464729,m3,early,491,414,VSG-N-TypeA,A1,A
c3809_g1_i1_d18_1425,0.151311464,21,151.3114643,m3,early,475,378,VSG-N-TypeA,A2,A
c3809_g1_i1_d18_1425,1.42314689,26,370018.1914,m3,early,475,378,VSG-N-TypeA,A2,A
c3809_g1_i1_d18_1425,0.377401428,30,188700.7138,m3,early,475,378,VSG-N-TypeA,A2,A
c4386_g1_i1_d21_1473,5.965170765,21,5965.170765,m3,early,491,391,VSG-N-TypeA,A2,A
c4386_g1_i1_d21_1473,7.219200539,24,10828800.81,m3,early,491,391,VSG-N-TypeA,A2,A
c4386_g1_i1_d21_1473,34.94475819,26,9085637.129,m3,early,491,391,VSG-N-TypeA,A2,A
c3770_g2_i1_d26_1545,0.093554019,21,93.55401866,m3,early,515,395,VSG-N-TypeA,A2,A
c3770_g2_i1_d26_1545,0.037470271,24,56205.40679,m3,early,515,395,VSG-N-TypeA,A2,A
c4063_g1_i2_d21_1235,0.062804518,21,62.80451783,m3,early,411,324,VSG-N-TypeB,B1,B
c3449_g1_i1_d26_1437,0.027951661,26,7267.431763,m3,early,479,422,VSG-N-TypeA,A3,A
c3840_g1_i1_d18_1485,0.214218811,26,55696.89081,m3,early,495,394,VSG-N-TypeA,A2,A
c3798_g1_i2_d26_1420,0.018730655,24,28095.98204,m3,early,473,342,VSG-N-TypeA,A2,A
c3798_g1_i2_d26_1420,0.56936467,26,148034.8143,m3,early,473,342,VSG-N-TypeA,A2,A
c3946_g1_i1_d30_1450,0.010471862,26,2722.684003,m3,early,483,377,VSG-N-TypeA,A3,A
c2085_g1_i1_d30_1500,0.01150055,26,2990.142936,m3,early,500,415,VSG-N-TypeA,A3,A
c3969_g2_i2_d30_1456,0.484699932,30,242349.9661,m3,early,485,405,VSG-N-TypeB,B2,B
c3981_g1_i1_d30_1458,0.026396367,30,13198.18328,m3,early,486,385,VSG-N-TypeA,A3,A
c728_g1_i1_d105_1492,40.41788397,96,4041788.397,m3,late,497,408,VSG-N-TypeB,B1,B
c728_g1_i1_d105_1492,0.025941241,99,3112.948884,m3,late,497,408,VSG-N-TypeB,B1,B
c728_g1_i1_d105_1492,0.026551009,102,2920.610945,m3,late,497,408,VSG-N-TypeB,B1,B
c728_g1_i1_d105_1492,0.05059408,105,632426.0052,m3,late,497,408,VSG-N-TypeB,B1,B
c1352_g3_i1_d96_1410,31.61992875,96,3161992.875,m3,late,470,415,VSG-N-TypeA,A1,A
c1352_g3_i1_d96_1410,29.52003764,99,3542404.517,m3,late,470,415,VSG-N-TypeA,A1,A
c1352_g3_i1_d96_1410,2.225348491,102,244788.334,m3,late,470,415,VSG-N-TypeA,A1,A
c1352_g3_i1_d96_1410,0.071674029,105,895925.3588,m3,late,470,415,VSG-N-TypeA,A1,A
c1399_g2_i3_d96_1521,6.950266256,96,695026.6256,m3,late,507,389,VSG-N-TypeB,B2,B
c1352_g4_i1_d96_1503,5.146739268,96,514673.9268,m3,late,501,422,VSG-N-TypeA,A1,A
c1352_g4_i1_d96_1503,0.013866096,99,1663.931461,m3,late,501,422,VSG-N-TypeA,A1,A
c1352_g4_i1_d96_1503,0.012741648,102,1401.581283,m3,late,501,422,VSG-N-TypeA,A1,A
c1352_g4_i1_d96_1503,0.01727331,105,215916.3694,m3,late,501,422,VSG-N-TypeA,A1,A
c753_g1_i2_d105_1460,4.429538941,96,442953.8941,m3,late,486,389,VSG-N-TypeB,B2,B
c1458_g2_i1_d99_1371,4.317154737,96,431715.4737,m3,late,457,361,VSG-N-TypeA,A2,A
c1458_g2_i1_d99_1371,44.83260394,99,5379912.473,m3,late,457,361,VSG-N-TypeA,A2,A
c1458_g2_i1_d99_1371,1.324581524,102,145703.9676,m3,late,457,361,VSG-N-TypeA,A2,A
c1458_g2_i1_d99_1371,0.069512535,105,868906.6874,m3,late,457,361,VSG-N-TypeA,A2,A
c1356_g1_i1_d96_1412,1.176598224,96,117659.8224,m3,late,470,385,VSG-N-TypeA,A3,A
c446_g1_i1_d102_1466,1.170905549,96,117090.5549,m3,late,488,395,VSG-N-TypeB,B1,B
c446_g1_i1_d102_1466,9.424357843,99,1130922.941,m3,late,488,395,VSG-N-TypeB,B1,B
c446_g1_i1_d102_1466,1.822552175,102,200480.7392,m3,late,488,395,VSG-N-TypeB,B1,B
c446_g1_i1_d102_1466,0.375327024,105,4691587.8,m3,late,488,395,VSG-N-TypeB,B1,B
c1385_g1_i1_d99_1491,0.332861001,96,33286.10009,m3,late,497,414,VSG-N-TypeA,A1,A
c1385_g1_i1_d99_1491,0.855137207,99,102616.4648,m3,late,497,414,VSG-N-TypeA,A1,A
c1411_g1_i1_d96_1470,0.324071317,96,32407.13168,m3,late,490,420,VSG-N-TypeA,A1,A
c1406_g1_i3_d96_1449,0.299545986,96,29954.59864,m3,late,483,408,VSG-N-TypeA,A1,A
c1383_g1_i1_d96_1494,0.295535704,96,29553.5704,m3,late,498,402,VSG-N-TypeB,B1,B
c1409_g1_i3_d96_1400,0.284735875,96,28473.58748,m3,late,466,383,VSG-N-TypeA,A2,A
c1403_g2_i1_d96_1498,0.272742307,96,27274.23068,m3,late,499,422,VSG-N-TypeB,B1,B
c1403_g2_i1_d96_1498,0.011302489,102,1243.273799,m3,late,499,422,VSG-N-TypeB,B1,B
c1379_g1_i2_d96_1449,0.268635095,96,26863.50949,m3,late,483,395,VSG-N-TypeB,B2,B
c686_g1_i1_d105_912,0.233695358,96,23369.53578,m3,late,304,305,VSG-N-TypeA,A2,A
c1409_g1_i2_d96_1403,0.19199945,96,19199.94499,m3,late,467,384,VSG-N-TypeA,A2,A
c391_g1_i1_d105_1399,0.168234715,96,16823.4715,m3,late,466,391,VSG-N-TypeA,A2,A
c391_g1_i1_d105_1399,0.131163441,99,15739.61293,m3,late,466,391,VSG-N-TypeA,A2,A
c370_g1_i1_d102_1713,0.131332012,96,13133.20121,m3,late,571,457,VSG-N-TypeB,B2,B
c370_g1_i1_d102_1713,4.567786781,99,548134.4137,m3,late,571,457,VSG-N-TypeB,B2,B
c370_g1_i1_d102_1713,76.68650103,102,8435515.113,m3,late,571,457,VSG-N-TypeB,B2,B
c370_g1_i1_d102_1713,19.92359674,105,249044959.2,m3,late,571,457,VSG-N-TypeB,B2,B
c1397_g2_i3_d96_1559,0.116578201,96,11657.8201,m3,late,519,389,VSG-N-TypeB,B1,B
c1359_g3_i1_d96_1593,0.116408717,96,11640.87172,m3,late,531,190,VSG-N-TypeA,A1,A
c1401_g1_i2_d96_1090,0.094631759,96,9463.175878,m3,late,363,319,VSG-N-TypeB,B1,B
c1401_g1_i2_d96_1090,0.0797306,99,9567.671984,m3,late,363,319,VSG-N-TypeB,B1,B
c1401_g1_i2_d96_1090,0.238133384,102,26194.67221,m3,late,363,319,VSG-N-TypeB,B1,B
c1401_g1_i2_d96_1090,2.041612369,105,25520154.61,m3,late,363,319,VSG-N-TypeB,B1,B
c1444_g2_i1_d99_1497,0.092921083,96,9292.108262,m3,late,499,411,VSG-N-TypeA,A3,A
c1444_g2_i1_d99_1497,0.078740287,99,9448.834446,m3,late,499,411,VSG-N-TypeA,A3,A
c1390_g1_i3_d96_1415,0.080157301,96,8015.730096,m3,late,471,413,VSG-N-TypeA,A1,A
c736_g2_i1_d105_1440,0.077737856,96,7773.785565,m3,late,480,400,VSG-N-TypeA,A1,A
c754_g1_i1_d105_1455,0.07618298,96,7618.298006,m3,late,485,336,VSG-N-TypeA,A2,A
c754_g1_i1_d105_1455,4.581445997,99,549773.5197,m3,late,485,336,VSG-N-TypeA,A2,A
c754_g1_i1_d105_1455,6.787849414,102,746663.4355,m3,late,485,336,VSG-N-TypeA,A2,A
c754_g1_i1_d105_1455,12.8793931,105,160992413.7,m3,late,485,336,VSG-N-TypeA,A2,A
c1419_g1_i1_d96_1485,0.068262759,96,6826.275894,m3,late,495,391,VSG-N-TypeA,A2,A
c1419_g1_i1_d96_1485,0.051115943,99,6133.913176,m3,late,495,391,VSG-N-TypeA,A2,A
c754_g2_i1_d105_1491,0.067156151,96,6715.615124,m3,late,497,383,VSG-N-TypeB,B1,B
c754_g2_i1_d105_1491,0.366503146,99,43980.37751,m3,late,497,383,VSG-N-TypeB,B1,B
c754_g2_i1_d105_1491,2.480655689,102,272872.1258,m3,late,497,383,VSG-N-TypeB,B1,B
c754_g2_i1_d105_1491,33.94218891,105,424277361.4,m3,late,497,383,VSG-N-TypeB,B1,B
c1400_g1_i2_d96_1521,0.058054117,96,5805.411696,m3,late,507,391,VSG-N-TypeB,B1,B
c1380_g1_i1_d96_1398,0.054536255,96,5453.625496,m3,late,466,362,VSG-N-TypeA,A2,A
c1380_g1_i1_d96_1398,0.179937872,99,21592.54459,m3,late,466,362,VSG-N-TypeA,A2,A
c1390_g1_i2_d96_1415,0.049181809,96,4918.180943,m3,late,471,413,VSG-N-TypeA,A1,A
c1338_g1_i1_d99_1240,0.047857092,96,4785.709172,m3,late,413,413,VSG-N-TypeA,A1,A
c1338_g1_i1_d99_1240,0.038392064,99,4607.04766,m3,late,413,413,VSG-N-TypeA,A1,A
c1452_g1_i1_d99_1431,0.047807873,96,4780.787284,m3,late,477,387,VSG-N-TypeA,A2,A
c1452_g1_i1_d99_1431,0.051279272,99,6153.51265,m3,late,477,387,VSG-N-TypeA,A2,A
c1381_g3_i4_d96_1353,0.046847522,96,4684.752176,m3,late,451,306,VSG-N-TypeA,A2,A
c1381_g3_i4_d96_1353,0.023238521,99,2788.622513,m3,late,451,306,VSG-N-TypeA,A2,A
c1434_g3_i2_d99_1467,0.04521229,96,4521.229046,m3,late,489,380,VSG-N-TypeB,B2,B
c1434_g3_i2_d99_1467,0.068369674,99,8204.360919,m3,late,489,380,VSG-N-TypeB,B2,B
c443_g3_i1_d102_1440,0.039496468,96,3949.646813,m3,late,480,387,VSG-N-TypeA,A2,A
c443_g3_i1_d102_1440,0.423209678,99,50785.1614,m3,late,480,387,VSG-N-TypeA,A2,A
c443_g3_i1_d102_1440,2.384033842,102,262243.7226,m3,late,480,387,VSG-N-TypeA,A2,A
c443_g3_i1_d102_1440,18.38990525,105,229873815.6,m3,late,480,387,VSG-N-TypeA,A2,A
c1407_g2_i3_d96_1605,0.034750523,96,3475.052289,m3,late,535,392,VSG-N-TypeA,A2,A
c1407_g2_i3_d96_1605,0.086845983,99,10421.51795,m3,late,535,392,VSG-N-TypeA,A2,A
c1406_g4_i1_d96_1467,0.033916473,96,3391.647329,m3,late,489,416,VSG-N-TypeA,A1,A
c1406_g4_i1_d96_1467,0.136480497,99,16377.65961,m3,late,489,416,VSG-N-TypeA,A1,A
c1418_g3_i1_d96_1374,0.030502598,96,3050.259846,m3,late,458,396,VSG-N-TypeA,A1,A
c1418_g3_i1_d96_1374,0.073556726,99,8826.807079,m3,late,458,396,VSG-N-TypeA,A1,A
c1461_g4_i1_d99_1125,0.029883158,96,2988.315798,m3,late,375,NA,None,NA,NA
c1461_g4_i1_d99_1125,0.050590366,99,6070.84391,m3,late,375,NA,None,NA,NA
c1407_g1_i1_d96_1473,0.029175546,96,2917.554554,m3,late,491,414,VSG-N-TypeA,A1,A
c1407_g1_i1_d96_1473,0.108259574,99,12991.14885,m3,late,491,414,VSG-N-TypeA,A1,A
c1360_g1_i3_d96_1455,0.026520193,96,2652.019317,m3,late,485,400,VSG-N-TypeA,A3,A
c1360_g1_i3_d96_1455,0.01942321,99,2330.785215,m3,late,485,400,VSG-N-TypeA,A3,A
c1203_g1_i1_d96_1439,0.026348616,96,2634.861577,m3,late,479,422,VSG-N-TypeA,A1,A
c1203_g1_i1_d96_1439,0.060112705,99,7213.524567,m3,late,479,422,VSG-N-TypeA,A1,A
c1360_g2_i2_d96_1443,0.021621886,96,2162.188551,m3,late,481,401,VSG-N-TypeA,A3,A
c1360_g2_i2_d96_1443,0.013259359,99,1591.123073,m3,late,481,401,VSG-N-TypeA,A3,A
c1322_g1_i1_d96_1500,0.017915809,96,1791.580916,m3,late,500,402,VSG-N-TypeB,B1,B
c1322_g1_i1_d96_1500,0.021851458,99,2622.174996,m3,late,500,402,VSG-N-TypeB,B1,B
c1473_g2_i1_d99_1563,0.017648442,96,1764.844166,m3,late,521,391,VSG-N-TypeA,A2,A
c1473_g2_i1_d99_1563,0.043147385,99,5177.686193,m3,late,521,391,VSG-N-TypeA,A2,A
c1411_g1_i1_d99_1388,0.0157125,96,1571.24996,m3,late,462,385,VSG-N-TypeB,B1,B
c1411_g1_i1_d99_1388,0.045047452,99,5405.694259,m3,late,462,385,VSG-N-TypeB,B1,B
c1407_g2_i2_d96_1605,0.014503461,96,1450.346067,m3,late,535,392,VSG-N-TypeA,A2,A
c1407_g2_i2_d96_1605,0.123023782,99,14762.85383,m3,late,535,392,VSG-N-TypeA,A2,A
c1400_g1_i1_d96_1521,0.014347587,96,1434.758739,m3,late,507,389,VSG-N-TypeB,B1,B
c754_g1_i2_d105_1452,0.014239702,96,1423.970196,m3,late,484,335,VSG-N-TypeA,A2,A
c754_g1_i2_d105_1452,1.608790525,99,193054.863,m3,late,484,335,VSG-N-TypeA,A2,A
c754_g1_i2_d105_1452,2.264001346,102,249040.1481,m3,late,484,335,VSG-N-TypeA,A2,A
c754_g1_i2_d105_1452,6.850541505,105,85631768.82,m3,late,484,335,VSG-N-TypeA,A2,A
c1469_g2_i2_d99_1388,0.013245786,96,1324.578553,m3,late,462,390,VSG-N-TypeA,A2,A
c1469_g2_i2_d99_1388,0.03318676,99,3982.411187,m3,late,462,390,VSG-N-TypeA,A2,A
c1381_g3_i2_d96_1476,0.013171335,96,1317.133465,m3,late,492,389,VSG-N-TypeB,B1,B
c1381_g3_i2_d96_1476,0.03891018,99,4669.221644,m3,late,492,389,VSG-N-TypeB,B1,B
c1418_g2_i1_d96_1467,0.012039995,96,1203.999516,m3,late,489,392,VSG-N-TypeA,A2,A
c1406_g2_i2_d96_1002,0.011911894,96,1191.189366,m3,late,334,260,VSG-N-DomainBoundary,A3,A
c1399_g1_i1_d99_1404,0.011617186,96,1161.718555,m3,late,468,400,VSG-N-TypeB,B2,B
c1355_g2_i2_d96_1404,0.011375311,96,1137.531064,m3,late,468,326,VSG-N-TypeA,A2,A
c1469_g2_i1_d99_1391,0.011024619,96,1102.461948,m3,late,463,391,VSG-N-TypeA,A2,A
c1469_g2_i1_d99_1391,0.028668349,99,3440.201841,m3,late,463,391,VSG-N-TypeA,A2,A
c1391_g1_i2_d96_1467,0.010272607,96,1027.260673,m3,late,489,397,VSG-N-TypeA,A2,A
c1391_g1_i2_d96_1467,0.076642146,99,9197.057526,m3,late,489,397,VSG-N-TypeA,A2,A
c1391_g1_i2_d96_1467,0.011612448,102,1277.369296,m3,late,489,397,VSG-N-TypeA,A2,A
c1384_g1_i2_d96_1343,0.760974808,99,91316.977,m3,late,447,335,VSG-N-TypeA,A2,A
c1384_g1_i2_d96_1343,0.704386648,102,77482.53126,m3,late,447,335,VSG-N-TypeA,A2,A
c1384_g1_i2_d96_1343,2.736182999,105,34202287.49,m3,late,447,335,VSG-N-TypeA,A2,A
c754_g1_i3_d105_1458,0.152143283,99,18257.19391,m3,late,486,335,VSG-N-TypeA,A2,A
c754_g1_i3_d105_1458,0.738984626,102,81288.30882,m3,late,486,335,VSG-N-TypeA,A2,A
c754_g1_i3_d105_1458,0.684482359,105,8556029.487,m3,late,486,335,VSG-N-TypeA,A2,A
c1458_g1_i2_d99_1590,0.148925319,99,17871.03822,m3,late,530,441,VSG-N-TypeB,B2,B
c1458_g1_i2_d99_1590,1.456853964,102,160253.9361,m3,late,530,441,VSG-N-TypeB,B2,B
c1458_g1_i2_d99_1590,0.367302654,105,4591283.176,m3,late,530,441,VSG-N-TypeB,B2,B
c1355_g4_i2_d96_1479,0.091664965,99,10999.79583,m3,late,493,398,VSG-N-TypeB,B1,B
c1355_g4_i2_d96_1479,0.032727334,102,3600.006753,m3,late,493,398,VSG-N-TypeB,B1,B
c1381_g2_i2_d96_1446,0.088166432,99,10579.9719,m3,late,482,395,VSG-N-TypeB,B1,B
c1381_g2_i2_d96_1446,0.093115577,102,10242.7135,m3,late,482,395,VSG-N-TypeB,B1,B
c1381_g2_i2_d96_1446,0.192829316,105,2410366.444,m3,late,482,395,VSG-N-TypeB,B1,B
c440_g1_i1_d102_1536,0.070142723,99,8417.126706,m3,late,512,NA,None,NA,NA
c440_g1_i1_d102_1536,0.051420002,102,5656.200271,m3,late,512,NA,None,NA,NA
c440_g1_i1_d102_1536,0.141245697,105,1765571.218,m3,late,512,NA,None,NA,NA
c753_g3_i1_d105_1451,0.046595107,99,5591.4128,m3,late,483,380,VSG-N-TypeA,A2,A
c445_g3_i3_d102_969,0.029391607,99,3526.992825,m3,late,323,232,VSG-N-TypeB,B1,B
c445_g3_i3_d102_969,0.056795983,102,6247.55817,m3,late,323,232,VSG-N-TypeB,B1,B
c445_g3_i3_d102_969,0.3772755,105,4715943.744,m3,late,323,232,VSG-N-TypeB,B1,B
c443_g5_i1_d102_1149,0.02543768,99,3052.521607,m3,late,383,384,VSG-N-TypeB,B1,B
c443_g5_i1_d102_1149,0.055684559,102,6125.301489,m3,late,383,384,VSG-N-TypeB,B1,B
c443_g5_i1_d102_1149,0.091221715,105,1140271.432,m3,late,383,384,VSG-N-TypeB,B1,B
c1454_g2_i2_d99_1494,0.02453577,99,2944.29245,m3,late,498,382,VSG-N-TypeB,B1,B
c1454_g2_i2_d99_1494,0.011247938,102,1237.273197,m3,late,498,382,VSG-N-TypeB,B1,B
c1405_g1_i1_d96_1413,0.023362279,99,2803.473422,m3,late,471,378,VSG-N-TypeA,A2,A
c1461_g2_i2_d99_1590,0.022684732,99,2722.167856,m3,late,530,417,VSG-N-TypeB,B2,B
c1461_g2_i2_d99_1590,0.017186128,102,1890.474053,m3,late,530,417,VSG-N-TypeB,B2,B
c445_g3_i5_d102_1710,0.019575763,99,2349.091526,m3,late,570,441,VSG-N-TypeB,B2,B
c445_g3_i5_d102_1710,0.171311071,102,18844.21784,m3,late,570,441,VSG-N-TypeB,B2,B
c445_g3_i5_d102_1710,0.064716573,105,808957.1658,m3,late,570,441,VSG-N-TypeB,B2,B
c1403_g3_i1_d96_1490,0.018787931,99,2254.551712,m3,late,496,418,VSG-N-TypeB,B1,B
c1418_g4_i1_d96_1479,0.018667123,99,2240.054793,m3,late,493,398,VSG-N-TypeA,A2,A
c1418_g4_i1_d96_1479,0.029092974,102,3200.227155,m3,late,493,398,VSG-N-TypeA,A2,A
c1418_g4_i1_d96_1479,0.058948877,105,736860.9583,m3,late,493,398,VSG-N-TypeA,A2,A
c1450_g1_i1_d99_1173,0.018594714,99,2231.365679,m3,late,391,290,VSG-N-TypeA,A2,A
c1405_g2_i1_d96_1404,0.017878668,99,2145.440186,m3,late,468,NA,None,NA,NA
c759_g1_i2_d105_1551,0.017661986,99,2119.43837,m3,late,517,435,VSG-N-TypeB,B1,B
c759_g1_i2_d105_1551,0.014044536,102,1544.898983,m3,late,517,435,VSG-N-TypeB,B1,B
c759_g1_i2_d105_1551,0.052800182,105,660002.2694,m3,late,517,435,VSG-N-TypeB,B1,B
c431_g2_i2_d102_1446,0.016650469,99,1998.056249,m3,late,482,385,VSG-N-TypeA,A3,A
c1449_g2_i1_d99_1399,0.015202568,99,1824.308194,m3,late,466,388,VSG-N-TypeB,B1,B
c1449_g2_i1_d99_1399,0.037721772,102,4149.394918,m3,late,466,388,VSG-N-TypeB,B1,B
c1449_g2_i1_d99_1399,0.084517721,105,1056471.509,m3,late,466,388,VSG-N-TypeB,B1,B
c1454_g3_i2_d99_1497,0.014334212,99,1720.105454,m3,late,499,393,VSG-N-TypeB,B2,B
c1454_g3_i2_d99_1497,0.030409454,102,3345.039902,m3,late,499,393,VSG-N-TypeB,B2,B
c1454_g3_i2_d99_1497,0.120418134,105,1505226.67,m3,late,499,393,VSG-N-TypeB,B2,B
c1407_g1_i1_d99_1342,0.014245589,99,1709.470649,m3,late,447,412,VSG-N-TypeA,A1,A
c1414_g2_i1_d96_1479,0.013194587,99,1583.350435,m3,late,493,406,VSG-N-TypeB,B2,B
c1420_g1_i1_d99_1337,0.013144032,99,1577.283865,m3,late,445,386,VSG-N-TypeB,B1,B
c1476_g1_i2_d99_1533,0.011372437000000001,99,1364.692457,m3,late,511,390,VSG-N-TypeA,A2,A
c1366_g2_i2_d96_1322,0.011192469,99,1343.096268,m3,late,440,333,VSG-N-TypeA,A2,A
c1475_g1_i1_d99_1395,0.010547945,99,1265.753392,m3,late,465,390,VSG-N-TypeB,B1,B
c1023_g1_i1_d96_1560,0.010188209,99,1222.585067,m3,late,520,393,VSG-N-TypeB,B1,B
c1453_g2_i1_d99_1362,0.010086743,99,1210.409216,m3,late,454,373,VSG-N-TypeB,B2,B
c1260_g1_i1_d99_1381,0.010052863,99,1206.343554,m3,late,460,394,VSG-N-TypeA,A2,A
c1454_g4_i1_d99_1536,0.014245575,102,1567.013271,m3,late,512,398,VSG-N-TypeB,B2,B
c1454_g4_i1_d99_1536,0.023692579,105,296157.2338,m3,late,512,398,VSG-N-TypeB,B2,B
c1460_g2_i1_d99_1488,0.012087387,102,1329.612536,m3,late,496,400,VSG-N-TypeA,A2,A
c1460_g2_i1_d99_1488,0.106979185,105,1337239.817,m3,late,496,400,VSG-N-TypeA,A2,A
c710_g2_i1_d105_1460,0.052521348,105,656516.8561,m3,late,486,394,VSG-N-TypeB,B1,B
c675_g1_i1_d105_1329,0.02398068,105,299758.5025,m3,late,443,341,VSG-N-TypeA,A2,A
c758_g1_i1_d105_1455,0.021672698,105,270908.724,m3,late,485,392,VSG-N-TypeA,A2,A
c447_g3_i1_d102_1063,0.017528001,105,219100.0083,m3,late,354,269,VSG-N-TypeB,B1,B
c756_g1_i1_d105_1335,0.014564438,105,182055.4698,m3,late,445,333,VSG-N-TypeA,A2,A
c653_g2_i1_d105_1494,0.013963572,105,174544.6463,m3,late,498,NA,None,NA,NA
c756_g1_i2_d105_1335,0.011879026,105,148487.8246,m3,late,445,341,VSG-N-TypeA,A2,A
c2565_g2_i1_d12_1602,99.7856085,7,5987136.51,m4,early,534,449,VSG-N-TypeB,B2,B
c2565_g2_i1_d12_1602,1.402545117,12,1402.545117,m4,early,534,449,VSG-N-TypeB,B2,B
c2565_g2_i1_d12_1602,0.106856248,26,106.856248,m4,early,534,449,VSG-N-TypeB,B2,B
c4563_g1_i1_d14_1408,0.051582029,7,3094.9217400000002,m4,early,469,392,VSG-N-TypeA,A2,A
c4563_g1_i1_d14_1408,0.01138146,14,227.6292,m4,early,469,392,VSG-N-TypeA,A2,A
c4563_g1_i1_d14_1408,0.020875795,18,20.875795,m4,early,469,392,VSG-N-TypeA,A2,A
c4563_g1_i1_d14_1408,0.018830528,30,1883.0528,m4,early,469,392,VSG-N-TypeA,A2,A
c6715_g1_i1_d6-7_1473,0.037461917,7,2247.71502,m4,early,491,393,VSG-N-TypeB,B2,B
c6715_g1_i1_d6-7_1473,5.3366121,12,5336.6121,m4,early,491,393,VSG-N-TypeB,B2,B
c6715_g1_i1_d6-7_1473,1.031060652,14,20621.21304,m4,early,491,393,VSG-N-TypeB,B2,B
c3778_g2_i1_d18_1392,0.022107302,7,1326.43812,m4,early,464,368,VSG-N-TypeB,B2,B
c3778_g2_i1_d18_1392,4.347039861,12,4347.039861,m4,early,464,368,VSG-N-TypeB,B2,B
c3778_g2_i1_d18_1392,12.23798497,14,244759.6994,m4,early,464,368,VSG-N-TypeB,B2,B
c3778_g2_i1_d18_1392,0.07989068,18,79.89068,m4,early,464,368,VSG-N-TypeB,B2,B
c3778_g2_i1_d18_1392,0.654079333,26,654.079333,m4,early,464,368,VSG-N-TypeB,B2,B
c1376_g1_i1_d14_1321,0.020174611,7,1210.47666,m4,early,440,336,VSG-N-TypeA,A2,A
c1376_g1_i1_d14_1321,0.024679951,18,24.679951,m4,early,440,336,VSG-N-TypeA,A2,A
c1376_g1_i1_d14_1321,0.02435689,30,2435.689,m4,early,440,336,VSG-N-TypeA,A2,A
c3778_g1_i1_d18_1467,0.016443397,7,986.60382,m4,early,489,364,VSG-N-TypeB,B2,B
c3778_g1_i1_d18_1467,11.56383011,12,11563.83011,m4,early,489,364,VSG-N-TypeB,B2,B
c4209_g2_i1_d6-7_1392,0.010253431,7,615.20586,m4,early,464,371,VSG-N-TypeB,B2,B
c4209_g2_i1_d6-7_1392,10.96382308,12,10963.82308,m4,early,464,371,VSG-N-TypeB,B2,B
c4209_g2_i1_d6-7_1392,0.072769956,14,1455.39912,m4,early,464,371,VSG-N-TypeB,B2,B
c4209_g2_i1_d6-7_1392,0.154306675,18,154.306675,m4,early,464,371,VSG-N-TypeB,B2,B
c3778_g3_i1_d18_1581,5.048176238,18,5048.176238,m4,early,527,401,VSG-N-TypeA,A2,A
c4432_g1_i2_d21_978,0.03478695,12,34.78695,m4,early,326,246,VSG-N-TypeB,B2,B
c4432_g1_i2_d21_978,0.219274914,18,219.274914,m4,early,326,246,VSG-N-TypeB,B2,B
c4432_g1_i2_d21_978,0.019369351,21,1549.54808,m4,early,326,246,VSG-N-TypeB,B2,B
c4432_g1_i2_d21_978,0.02243683,24,8077.2588,m4,early,326,246,VSG-N-TypeB,B2,B
c4432_g1_i2_d21_978,1.287155573,26,1287.155573,m4,early,326,246,VSG-N-TypeB,B2,B
c4432_g1_i2_d21_978,0.259412504,30,25941.2504,m4,early,326,246,VSG-N-TypeB,B2,B
c914_g1_i1_d12_1542,17.93711084,12,17937.11084,m4,early,514,390,VSG-N-TypeA,A2,A
c914_g1_i1_d12_1542,81.64832304,14,1632966.461,m4,early,514,390,VSG-N-TypeA,A2,A
c914_g1_i1_d12_1542,0.125124492,18,125.124492,m4,early,514,390,VSG-N-TypeA,A2,A
c1469_g1_i1_d21_976,0.021673066,18,21.673066,m4,early,325,265,VSG-N-TypeB,B2,B
c1469_g1_i1_d21_976,0.328700342,26,328.700342,m4,early,325,265,VSG-N-TypeB,B2,B
c1469_g1_i1_d21_976,0.031902072,30,3190.2072,m4,early,325,265,VSG-N-TypeB,B2,B
c2595_g1_i2_d12_1449,0.081009671,12,81.009671,m4,early,483,400,VSG-N-TypeA,A3,A
c2595_g1_i2_d12_1449,0.13450904,14,2690.1808,m4,early,483,400,VSG-N-TypeA,A3,A
c2595_g1_i2_d12_1449,0.159327359,18,159.327359,m4,early,483,400,VSG-N-TypeA,A3,A
c2524_g1_i1_d6-7_1452,0.011440389,18,11.440389,m4,early,484,386,VSG-N-TypeA,A2,A
c377_g1_i1_d6-7_1350,0.086746099,26,86.746099,m4,early,450,346,VSG-N-TypeA,A2,A
c4483_g5_i1_d21_943,0.010864244,18,10.864244,m4,early,314,278,VSG-N-TypeB,B2,B
c4483_g5_i1_d21_943,0.603442584,26,603.442584,m4,early,314,278,VSG-N-TypeB,B2,B
c4483_g5_i1_d21_943,0.048527391,30,4852.7391,m4,early,314,278,VSG-N-TypeB,B2,B
c3801_g2_i4_d18_1029,0.071794224,18,71.794224,m4,early,343,264,VSG-N-TypeB,B2,B
c3801_g2_i4_d18_1029,0.105940856,26,105.940856,m4,early,343,264,VSG-N-TypeB,B2,B
c2169_g1_i1_d12_1431,0.12183257,12,121.83257,m4,early,477,404,VSG-N-TypeB,B1,B
c2169_g1_i1_d12_1431,0.019428586,18,19.428586,m4,early,477,404,VSG-N-TypeB,B1,B
c4596_g3_i2_d14_1497,3.711648663,18,3711.648663,m4,early,499,483,VSG-N-TypeA,A2,A
c4596_g3_i2_d14_1497,27.53719072,21,2202975.258,m4,early,499,483,VSG-N-TypeA,A2,A
c4596_g3_i2_d14_1497,98.56793902,24,35484458.05,m4,early,499,483,VSG-N-TypeA,A2,A
c4596_g3_i2_d14_1497,17.4023591,26,17402.3591,m4,early,499,483,VSG-N-TypeA,A2,A
c2565_g1_i1_d12_1500,2.917103939,12,2917.103939,m4,early,500,421,VSG-N-TypeA,A1,A
c2565_g1_i1_d12_1500,0.060016211,18,60.016211,m4,early,500,421,VSG-N-TypeA,A1,A
c2565_g1_i1_d12_1500,0.015376962,21,1230.15696,m4,early,500,421,VSG-N-TypeA,A1,A
c2565_g1_i1_d12_1500,1.588199481,26,1588.199481,m4,early,500,421,VSG-N-TypeA,A1,A
c3733_g1_i1_d30_948,0.032114221,18,32.114221,m4,early,316,266,VSG-N-TypeB,B2,B
c3733_g1_i1_d30_948,0.119347965,26,119.347965,m4,early,316,266,VSG-N-TypeB,B2,B
c3733_g1_i1_d30_948,0.013236326,30,1323.6326,m4,early,316,266,VSG-N-TypeB,B2,B
c4124_g1_i1_d14_1272,0.017590237,18,17.590237,m4,early,424,378,VSG-N-TypeB,B2,B
c4124_g1_i1_d14_1272,0.165832853,26,165.832853,m4,early,424,378,VSG-N-TypeB,B2,B
c4124_g1_i1_d14_1272,0.022594683,30,2259.4683,m4,early,424,378,VSG-N-TypeB,B2,B
c5532_g2_i2_d24_1007,0.035985816,26,35.985816,m4,early,335,266,VSG-N-TypeB,B2,B
c3761_g2_i1_d26_1392,0.129330724,12,129.330724,m4,early,464,346,VSG-N-TypeA,A2,A
c3761_g2_i1_d26_1392,0.035711392,14,714.22784,m4,early,464,346,VSG-N-TypeA,A2,A
c3761_g2_i1_d26_1392,0.19043908,18,190.43908,m4,early,464,346,VSG-N-TypeA,A2,A
c3761_g2_i1_d26_1392,0.056135613,21,4490.84904,m4,early,464,346,VSG-N-TypeA,A2,A
c3761_g2_i1_d26_1392,0.037014043,26,37.014043,m4,early,464,346,VSG-N-TypeA,A2,A
c5527_g1_i2_d24_1479,0.012321967,21,985.75736,m4,early,493,407,VSG-N-TypeB,B2,B
c5527_g1_i2_d24_1479,0.031790385,24,11444.5386,m4,early,493,407,VSG-N-TypeB,B2,B
c3790_g1_i1_d26_1497,0.166848263,12,166.848263,m4,early,499,377,VSG-N-TypeB,B2,B
c3790_g1_i1_d26_1497,0.769743332,14,15394.86664,m4,early,499,377,VSG-N-TypeB,B2,B
c353_g1_i1_d6-7_948,0.119058987,26,119.058987,m4,early,316,285,VSG-N-TypeB,B2,B
c329_g1_i1_d12_1533,0.670263015,18,670.263015,m4,early,511,392,VSG-N-TypeA,A2,A
c1941_g1_i1_d18_1473,0.112048548,18,112.048548,m4,early,491,398,VSG-N-TypeA,A2,A
c1941_g1_i1_d18_1473,1.002504608,21,80200.36864,m4,early,491,398,VSG-N-TypeA,A2,A
c1999_g1_i1_d18_1302,28.280002,12,28280.002,m4,early,434,317,VSG-N-TypeA,A2,A
c1999_g1_i1_d18_1302,1.511893741,14,30237.87482,m4,early,434,317,VSG-N-TypeA,A2,A
c1999_g1_i1_d18_1302,0.03483417,18,34.83417,m4,early,434,317,VSG-N-TypeA,A2,A
c470_g1_i1_d12_1461,10.8437614,12,10843.7614,m4,early,487,401,VSG-N-TypeB,B1,B
c470_g1_i1_d12_1461,0.047244403,18,47.244403,m4,early,487,401,VSG-N-TypeB,B1,B
c3604_g1_i3_d18_1482,2.088089281,12,2088.089281,m4,early,494,330,VSG-N-TypeA,A2,A
c3604_g1_i3_d18_1482,0.024433035,14,488.6607,m4,early,494,330,VSG-N-TypeA,A2,A
c473_g1_i1_d12_1605,0.972854217,12,972.854217,m4,early,535,451,VSG-N-TypeB,B2,B
c473_g1_i1_d12_1605,0.303665626,14,6073.31252,m4,early,535,451,VSG-N-TypeB,B2,B
c2548_g1_i1_d12_1494,0.843814411,12,843.814411,m4,early,498,419,VSG-N-TypeA,A1,A
c3790_g6_i2_d26_1512,0.65404845,12,654.04845,m4,early,504,332,VSG-N-TypeA,A2,A
c3790_g6_i2_d26_1512,0.961377568,26,961.377568,m4,early,504,332,VSG-N-TypeA,A2,A
c3790_g6_i2_d26_1512,32.90678772,30,3290678.772,m4,early,504,332,VSG-N-TypeA,A2,A
c4361_g1_i1_d21_1458,0.413947042,12,413.947042,m4,early,486,361,VSG-N-TypeA,A2,A
c4361_g1_i1_d21_1458,0.798338574,14,15966.77148,m4,early,486,361,VSG-N-TypeA,A2,A
c4361_g1_i1_d21_1458,0.060863453,18,60.863453,m4,early,486,361,VSG-N-TypeA,A2,A
c4361_g1_i1_d21_1458,0.010604357,26,10.604357,m4,early,486,361,VSG-N-TypeA,A2,A
c4621_g1_i1_d14_1551,0.381304574,12,381.304574,m4,early,517,386,VSG-N-TypeB,B1,B
c4621_g1_i1_d14_1551,0.631926042,14,12638.52084,m4,early,517,386,VSG-N-TypeB,B1,B
c3963_g1_i1_d30_1512,0.267215493,12,267.215493,m4,early,504,400,VSG-N-TypeB,B1,B
c3963_g1_i1_d30_1512,0.26633397,30,26633.397,m4,early,504,400,VSG-N-TypeB,B1,B
c4596_g1_i1_d14_1519,0.160490589,12,160.490589,m4,early,506,395,VSG-N-TypeA,A2,A
c4596_g1_i1_d14_1519,0.014073855,18,14.073855,m4,early,506,395,VSG-N-TypeA,A2,A
c1696_g1_i1_d12_1582,0.047526009,12,47.526009,m4,early,527,397,VSG-N-TypeB,B2,B
c2673_g1_i1_d14_1439,2.002087425,18,2002.087425,m4,early,479,383,VSG-N-TypeB,B1,B
c2414_g1_i3_d18_1404,7.945539318,18,7945.539318,m4,early,468,391,VSG-N-TypeA,A3,A
c3444_g1_i1_d18_1419,6.666655415,18,6666.655415,m4,early,473,393,VSG-N-TypeA,A2,A
c3444_g1_i1_d18_1419,0.013944843,21,1115.58744,m4,early,473,393,VSG-N-TypeA,A2,A
c3312_g1_i1_d18_1575,0.134512369,18,134.512369,m4,early,525,390,VSG-N-TypeA,A2,A
c4596_g4_i1_d14_1383,0.305194169,18,305.194169,m4,early,461,385,VSG-N-TypeA,A3,A
c4500_g2_i2_d21_1395,0.010460539,21,836.84312,m4,early,465,371,VSG-N-TypeB,B2,B
c4500_g2_i2_d21_1395,0.049285424,24,17742.75264,m4,early,465,371,VSG-N-TypeB,B2,B
c4500_g2_i2_d21_1395,18.13168756,26,18131.68756,m4,early,465,371,VSG-N-TypeB,B2,B
c3981_g4_i1_d30_1542,1.020622466,30,102062.2466,m4,early,514,394,VSG-N-TypeB,B1,B
c3761_g7_i1_d26_1485,0.035635431,18,35.635431,m4,early,495,420,VSG-N-TypeA,A1,A
c3205_g1_i1_d26_1422,0.700986077,18,700.986077,m4,early,474,380,VSG-N-TypeB,B1,B
c3738_g2_i1_d18_1404,0.01434335,18,14.34335,m4,early,468,373,VSG-N-TypeA,A2,A
c3724_g1_i3_d26_1371,0.723172047,18,723.172047,m4,early,457,385,VSG-N-TypeA,A3,A
c452_g1_i1_d21_1533,0.075378398,18,75.378398,m4,early,511,391,VSG-N-TypeA,A2,A
c452_g1_i1_d21_1533,0.03436137,21,2748.9096,m4,early,511,391,VSG-N-TypeA,A2,A
c4517_g2_i1_d21_1467,0.209088443,14,4181.76886,m4,early,489,129,VSG-N-TypeA,A2,A
c4517_g2_i1_d21_1467,31.03954791,18,31039.54791,m4,early,489,129,VSG-N-TypeA,A2,A
c4517_g2_i1_d21_1467,0.012119515,21,969.5612,m4,early,489,129,VSG-N-TypeA,A2,A
c4517_g2_i1_d21_1467,0.101630343,26,101.630343,m4,early,489,129,VSG-N-TypeA,A2,A
c4517_g2_i1_d21_1467,0.023861658,30,2386.1658,m4,early,489,129,VSG-N-TypeA,A2,A
c4386_g2_i1_d21_1458,0.078643017,21,6291.44136,m4,early,486,405,VSG-N-TypeA,A3,A
c3743_g1_i1_d18_1465,0.298546682,18,298.546682,m4,early,488,382,VSG-N-TypeB,B2,B
c3805_g1_i1_d30_1476,0.064035405,26,64.035405,m4,early,492,395,VSG-N-TypeB,B1,B
c3805_g1_i1_d30_1476,0.184457805,30,18445.7805,m4,early,492,395,VSG-N-TypeB,B1,B
c580_g1_i1_d12_1454,0.431228654,14,8624.57308,m4,early,484,382,VSG-N-TypeA,A2,A
c580_g1_i1_d12_1454,0.045139579,18,45.139579,m4,early,484,382,VSG-N-TypeA,A2,A
c3790_g3_i1_d26_1542,0.013879057,14,277.58114,m4,early,514,394,VSG-N-TypeB,B1,B
c3790_g3_i1_d26_1542,0.058112177,18,58.112177,m4,early,514,394,VSG-N-TypeB,B1,B
c3790_g3_i1_d26_1542,0.029421028,21,2353.68224,m4,early,514,394,VSG-N-TypeB,B1,B
c3790_g3_i1_d26_1542,0.038438348,24,13837.80528,m4,early,514,394,VSG-N-TypeB,B1,B
c3790_g3_i1_d26_1542,0.144295049,30,14429.5049,m4,early,514,394,VSG-N-TypeB,B1,B
c4506_g1_i1_d14_1420,0.010565036,14,211.30072,m4,early,473,369,VSG-N-TypeB,B2,B
c4506_g1_i1_d14_1420,1.044133379,18,1044.133379,m4,early,473,369,VSG-N-TypeB,B2,B
c3608_g1_i1_d18_1354,0.361351084,18,361.351084,m4,early,451,380,VSG-N-TypeA,A3,A
c4459_g2_i1_d21_1469,1.095323866,18,1095.323866,m4,early,489,396,VSG-N-TypeB,B1,B
c4459_g2_i1_d21_1469,0.17988532,21,14390.8256,m4,early,489,396,VSG-N-TypeB,B1,B
c3865_g1_i3_d18_1395,1.557319679,18,1557.319679,m4,early,465,387,VSG-N-TypeA,A3,A
c3865_g1_i3_d18_1395,0.01024787,21,819.8296,m4,early,465,387,VSG-N-TypeA,A3,A
c3865_g1_i3_d18_1395,0.013829792,26,13.829792,m4,early,465,387,VSG-N-TypeA,A3,A
c4501_g1_i1_d14_1470,0.180305749,18,180.305749,m4,early,490,394,VSG-N-TypeA,A2,A
c4501_g1_i1_d14_1470,0.016997504,21,1359.80032,m4,early,490,394,VSG-N-TypeA,A2,A
c3840_g1_i1_d18_1485,0.20917385,18,209.17385,m4,early,495,394,VSG-N-TypeA,A2,A
c3607_g1_i1_d18_1435,0.14128127,18,141.28127,m4,early,478,369,VSG-N-TypeB,B2,B
c4500_g3_i2_d21_1017,0.359309829,18,359.309829,m4,early,339,339,VSG-N-TypeB,B2,B
c4500_g3_i2_d21_1017,0.354738274,21,28379.06192,m4,early,339,339,VSG-N-TypeB,B2,B
c4500_g3_i2_d21_1017,0.213315949,26,213.315949,m4,early,339,339,VSG-N-TypeB,B2,B
c4500_g3_i2_d21_1017,0.047120224,30,4712.0224,m4,early,339,339,VSG-N-TypeB,B2,B
c3726_g2_i1_d26_1406,0.294745796,18,294.745796,m4,early,468,390,VSG-N-TypeA,A2,A
c6551_g1_i1_d21_1482,0.990746936,18,990.746936,m4,early,494,404,VSG-N-TypeA,A2,A
c6551_g1_i1_d21_1482,0.038329464,21,3066.35712,m4,early,494,404,VSG-N-TypeA,A2,A
c6551_g1_i1_d21_1482,0.028204955,24,10153.7838,m4,early,494,404,VSG-N-TypeA,A2,A
c4462_g1_i1_d21_1427,0.119002986,18,119.002986,m4,early,475,381,VSG-N-TypeA,A2,A
c4462_g1_i1_d21_1427,0.626947617,21,50155.80936,m4,early,475,381,VSG-N-TypeA,A2,A
c3809_g1_i1_d18_1425,0.12167767,18,121.67767,m4,early,475,378,VSG-N-TypeA,A2,A
c3809_g1_i1_d18_1425,0.044478795,21,3558.3036,m4,early,475,378,VSG-N-TypeA,A2,A
c3071_g1_i2_d30_1452,0.038367174,30,3836.7174,m4,early,484,379,VSG-N-TypeB,B1,B
c4638_g3_i1_d14_1476,0.016667418,18,16.667418,m4,early,492,403,VSG-N-TypeB,B2,B
c3373_g1_i1_d21_1529,0.034576436,21,2766.11488,m4,early,509,427,VSG-N-TypeA,A1,A
c3724_g1_i1_d18_1441,0.298687253,18,298.687253,m4,early,480,386,VSG-N-TypeB,B1,B
c4386_g4_i1_d21_1602,2.12449591,18,2124.49591,m4,early,534,438,VSG-N-TypeA,A2,A
c4386_g4_i1_d21_1602,2.588077174,21,207046.1739,m4,early,534,438,VSG-N-TypeA,A2,A
c3484_g1_i1_d30_1461,0.547014967,18,547.014967,m4,early,487,407,VSG-N-DomainBoundary,A3,A
c2561_g1_i1_d18_1422,0.100991616,18,100.991616,m4,early,474,396,VSG-N-TypeB,B1,B
c3107_g1_i1_d24_1470,0.049107711,21,3928.61688,m4,early,490,414,VSG-N-TypeA,A1,A
c3778_g4_i1_d18_1377,22.56478046,18,22564.78046,m4,early,459,366,VSG-N-TypeA,A2,A
c3778_g4_i1_d18_1377,60.6379242,21,4851033.936,m4,early,459,366,VSG-N-TypeA,A2,A
c1439_g1_i1_d21_1328,0.034007636,18,34.007636,m4,early,442,390,VSG-N-TypeA,A2,A
c2383_g1_i1_d21_1317,2.122958388,30,212295.8388,m4,early,439,333,VSG-N-TypeA,A2,A
c4054_g1_i1_d24_1482,0.03146471,30,3146.471,m4,early,494,405,VSG-N-TypeA,A2,A
c3836_g2_i1_d18_1600,0.047240806,18,47.240806,m4,early,533,398,VSG-N-TypeA,A2,A
c3836_g2_i1_d18_1600,0.256144387,21,20491.55096,m4,early,533,398,VSG-N-TypeA,A2,A
c3770_g2_i1_d26_1545,0.010175989,24,3663.35604,m4,early,515,395,VSG-N-TypeA,A2,A
c2857_g1_i1_d18_1608,0.011319613,26,11.319613,m4,early,536,394,VSG-N-TypeB,B2,B
c3856_g3_i1_d18_1260,0.074564961,18,74.564961,m4,early,420,379,VSG-N-TypeB,B2,B
c3856_g3_i1_d18_1260,0.022963802,30,2296.3802,m4,early,420,379,VSG-N-TypeB,B2,B
c4454_g1_i1_d21_1473,0.47825019,18,478.25019,m4,early,491,414,VSG-N-TypeA,A1,A
c3782_g1_i1_d26_1543,19.37817885,26,19378.17885,m4,early,514,394,VSG-N-TypeB,B1,B
c4081_g1_i2_d21_1344,0.012079619,26,12.079619,m4,early,448,396,VSG-N-TypeB,B2,B
c1865_g1_i1_d21_972,0.021813917,18,21.813917,m4,early,324,274,VSG-N-TypeB,B1,B
c3056_g1_i1_d18_1383,0.189839701,18,189.839701,m4,early,461,385,VSG-N-TypeA,A3,A
c3773_g1_i1_d26_1456,0.93965306,18,939.65306,m4,early,485,399,VSG-N-TypeA,A2,A
c3773_g1_i1_d26_1456,0.966729074,21,77338.32592,m4,early,485,399,VSG-N-TypeA,A2,A
c3810_g2_i1_d30_1512,0.026055766,26,26.055766,m4,early,504,414,VSG-N-TypeB,B2,B
c3810_g2_i1_d30_1512,0.017746533,30,1774.6533,m4,early,504,414,VSG-N-TypeB,B2,B
c3769_g1_i2_d18_1527,1.698949147,18,1698.949147,m4,early,509,422,VSG-N-TypeA,A3,A
c3449_g1_i1_d26_1437,0.888383241,18,888.383241,m4,early,479,422,VSG-N-TypeA,A3,A
c5544_g1_i1_d21_1332,0.669267575,18,669.267575,m4,early,444,340,VSG-N-TypeA,A2,A
c5544_g1_i1_d21_1332,1.393863166,21,111509.0533,m4,early,444,340,VSG-N-TypeA,A2,A
c3418_g1_i1_d18_1365,0.615220742,18,615.220742,m4,early,455,378,VSG-N-TypeA,A2,A
c3418_g1_i1_d18_1365,1.155454597,21,92436.36776,m4,early,455,378,VSG-N-TypeA,A2,A
c3678_g1_i1_d18_1348,0.379912586,18,379.912586,m4,early,449,390,VSG-N-TypeA,A2,A
c3678_g1_i1_d18_1348,0.072561186,21,5804.89488,m4,early,449,390,VSG-N-TypeA,A2,A
c3555_g1_i2_d18_1519,0.201768536,18,201.768536,m4,early,506,393,VSG-N-TypeB,B1,B
c3555_g1_i2_d18_1519,0.027592704,21,2207.41632,m4,early,506,393,VSG-N-TypeB,B1,B
c3687_g1_i2_d21_1455,0.140433095,18,140.433095,m4,early,485,397,VSG-N-TypeA,A2,A
c3687_g1_i2_d21_1455,0.035808809,21,2864.70472,m4,early,485,397,VSG-N-TypeA,A2,A
c4373_g1_i1_d24_1378,0.100219861,18,100.219861,m4,early,459,357,VSG-N-TypeA,A2,A
c4373_g1_i1_d24_1378,0.02673451,21,2138.7608,m4,early,459,357,VSG-N-TypeA,A2,A
c4373_g1_i1_d24_1378,0.01501237,24,5404.4532,m4,early,459,357,VSG-N-TypeA,A2,A
c4386_g1_i1_d21_1473,0.086039184,18,86.039184,m4,early,491,391,VSG-N-TypeA,A2,A
c4386_g1_i1_d21_1473,0.508519955,21,40681.5964,m4,early,491,391,VSG-N-TypeA,A2,A
c4386_g1_i1_d21_1473,1.079739617,24,388706.2621,m4,early,491,391,VSG-N-TypeA,A2,A
c4386_g1_i1_d21_1473,0.044085946,26,44.085946,m4,early,491,391,VSG-N-TypeA,A2,A
c3859_g3_i2_d18_1476,0.061440229,18,61.440229,m4,early,492,398,VSG-N-TypeB,B2,B
c3859_g3_i2_d18_1476,1.558253931,21,124660.3145,m4,early,492,398,VSG-N-TypeB,B2,B
c703_g1_i1_d18_1536,0.051734394,18,51.734394,m4,early,512,439,VSG-N-TypeA,A1,A
c703_g1_i1_d18_1536,0.144481967,21,11558.55736,m4,early,512,439,VSG-N-TypeA,A1,A
c703_g1_i1_d18_1536,0.0137718,26,13.7718,m4,early,512,439,VSG-N-TypeA,A1,A
c4435_g6_i1_d21_1432,0.037176121,18,37.176121,m4,early,477,372,VSG-N-TypeB,B2,B
c4435_g6_i1_d21_1432,0.010848383,21,867.87064,m4,early,477,372,VSG-N-TypeB,B2,B
c3788_g4_i1_d26_1461,0.020100735,18,20.100735,m4,early,487,398,VSG-N-TypeB,B1,B
c3788_g4_i1_d26_1461,0.057172405,21,4573.7924,m4,early,487,398,VSG-N-TypeB,B1,B
c3788_g4_i1_d26_1461,0.067760247,24,24393.68892,m4,early,487,398,VSG-N-TypeB,B1,B
c5310_g1_i1_d24_1462,0.018574334,18,18.574334,m4,early,487,414,VSG-N-TypeA,A1,A
c5310_g1_i1_d24_1462,0.035874559,21,2869.96472,m4,early,487,414,VSG-N-TypeA,A1,A
c5310_g1_i1_d24_1462,0.012400863,24,4464.31068,m4,early,487,414,VSG-N-TypeA,A1,A
c3856_g1_i1_d18_1303,0.017701438,18,17.701438,m4,early,434,396,VSG-N-TypeB,B2,B
c3856_g1_i1_d18_1303,0.193076159,21,15446.09272,m4,early,434,396,VSG-N-TypeB,B2,B
c3608_g1_i2_d18_1288,0.017271546,18,17.271546,m4,early,429,358,VSG-N-TypeA,A3,A
c4996_g1_i1_d12_1476,0.65876304,26,658.76304,m4,early,492,396,VSG-N-TypeB,B1,B
c3788_g3_i2_d26_1470,0.506381357,26,506.381357,m4,early,490,395,VSG-N-TypeB,B1,B
c3946_g1_i1_d30_1450,0.064668512,26,64.668512,m4,early,483,377,VSG-N-TypeA,A3,A
c3946_g1_i1_d30_1450,0.017074248,30,1707.4248,m4,early,483,377,VSG-N-TypeA,A3,A
c1554_g1_i1_d30_1509,0.0620095,26,62.0095,m4,early,503,420,VSG-N-TypeA,A1,A
c3767_g1_i1_d26_1479,0.032582647,21,2606.61176,m4,early,493,408,VSG-N-TypeA,A2,A
c3767_g1_i1_d26_1479,0.01676185,24,6034.266,m4,early,493,408,VSG-N-TypeA,A2,A
c3767_g1_i1_d26_1479,30.24692251,26,30246.92251,m4,early,493,408,VSG-N-TypeA,A2,A
c2947_g1_i1_d30_1719,0.595709069,26,595.709069,m4,early,573,442,VSG-N-TypeB,B2,B
c2947_g1_i1_d30_1719,62.55376715,30,6255376.715,m4,early,573,442,VSG-N-TypeB,B2,B
c2417_g1_i1_d21_1281,5.040049976,26,5040.049976,m4,early,427,384,VSG-N-TypeB,B1,B
c3290_g1_i1_d26_1337,0.93137738,26,931.37738,m4,early,445,386,VSG-N-TypeA,A3,A
c3208_g1_i1_d30_1419,0.047458045,30,4745.8045,m4,early,473,385,VSG-N-TypeA,A2,A
c3943_g1_i1_d30_1485,0.033596652,26,33.596652,m4,early,495,405,VSG-N-TypeA,A2,A
c3943_g1_i1_d30_1485,0.018829431,30,1882.9431,m4,early,495,405,VSG-N-TypeA,A2,A
c1896_g1_i2_d21_1383,0.061801065,26,61.801065,m4,early,461,NA,None,NA,NA
c2085_g1_i1_d30_1500,0.065079565,26,65.079565,m4,early,500,415,VSG-N-TypeA,A3,A
c2085_g1_i1_d30_1500,0.018023218,30,1802.3218,m4,early,500,415,VSG-N-TypeA,A3,A
c3981_g3_i1_d30_1590,0.010634036,26,10.634036,m4,early,530,431,VSG-N-TypeA,A1,A
c2851_g1_i2_d26_1412,0.012878419,30,1287.8419,m4,early,470,383,VSG-N-TypeB,B1,B
